선불식할부거래사업자정보																																					
																																					
회사정보													판매품목(현재 시판중인 주요 3개 품목)						재무현황												선수금현황						
상호	대표자성명	선불식할부거래업등록번호	선불식할부거래할부거래등록일	법인등록번호	사업자등록번호	법인 소재지	영업소 소재지	전화번호	전자우편주소	영업상태	영업개시일	등록취소 및 폐업일자	상품명1	가격 및 지급방법1	상품명2	가격 및 지급방법2	상품명3	가격 및 지급방법3	자산(원)			부채(원)			자본총계	자본금	지급여력비율(%)		부채비율(%)		총선수금(원)	보전비율(%)	선수금보전 계약				
																			유동자산	고정자산	자산총계	유동부채	비유동부채		부채총계		해당업체	전체평균	해당업체	전체평균			체결기관	계약유형	보전금액	선수금 보전기관명(지점)	선수금 보전금액 조회 전화번호
(주)현진시닝	박 *  * 	경기-2026-제1호	20260324			경기도 과천시 향나무로 6	상동	02-734-2113	ske**@hyunjinsn.com	정상영업	20260324								0	0	0	0	0	0	0	0	0	100	0	100	0	0	국민은행	예치계약	0		
(주)아정라이프케어	오 *  * 	부산 2025-01호	20250728	1801110161376	448-81-03815	부산광역시 사하구 낙동남로 1424	상동	1833-7377	scv*****@ajd.co.kr	정상영업			아정백원상조	3만원(100원*300회) 수의(면100%), 관(오동관 16mm), 리무진 또는 버스 선택(200km이내 무료) 등	아정당상조99	1,485,000원(9,900*150회) 수의(면100%), 관(오동관 16mm), 리무진 또는 버스 선택(200km이내 무료) 등	아정당상조399	3,591,000원(100원*60회/39,900원*90회) 수의(대마100%), 관(오동관 16mm), 리무진 또는 버스 선택(200km이내 무료) 등	1,532,878,471	1,000,000	1,533,878,471	84,762,323	3,608,622	88,370,945	1,445,507,526	1,500,000,000	952972	100	6	100	6,304,100	50	국민은행	예치계약	3,152,050	국민은행 태릉역 종합금융센터	02-974-9866
코웨이라이프솔루션(주)	김 *  * 	서울-2024-제176호	20241024	1101119067516	111-88-03173	서울특별시 구로구 디지털로26길 38		1588-1425	com****@cowayls.com	정상영업			코웨이라이프499	499만원(32,200원*150회+10,000원*1회+0원*29회) 관(오동나무), 수의(저마 100%), 리무진 및 장의버스(왕복200km이내) 의전복지사 5명 등	코웨이라이프599	599만원(39,900원*150회+5,000원*1회+0원*29회) 관(오동나무), 수의(저마 100%), 리무진 및 장의버스(왕복400km이내) 의전복지사 6명 등	코웨이라이프699	699만원(46,600원*150회+0원*30회) 관(오동나무), 수의(대마 100%), 리무진 및 장의버스(전국무료) 의전복지사 8명 등	6,987,706,992	8,905,591,748	15,893,298,740	5,393,215,428	4,563,830,676	9,957,046,104	5,936,252,636	1,500,000,000	255	100	63	100	6,096,663,300	66	우리은행	채무지급보증계약	4,000,000,000	우리은행 동대문금융센터	02-2278-5121
(주)더라이프	배 *  * 	부산 2024-01호	20240510	1801111408550	347-87-02382	부산광역시 부산진구 중앙대로 632	상동	051-714-4541	gii***@hanmail.net	정상영업	20240409								1,234,335,684	27,448,590	1,261,784,274	0	0	0	1,261,784,274	1,500,000,000		100	0	100	0	0	부산은행	예치계약	0		
(주)고이장례연구소	송 *  * 	서울-2024-제174호	20240501	1101118000939	831-87-01971	서울특별시 관악구 신림로 132	상동	1666-9784	fin****@goifuneral.co.kr	정상영업	20210827		고이 무빈소장	159만원(3만원 선납 후 차액 156만원은 장례 중 후불납부 ) 장례지도사(1명, 3일), 염습상례사(1명, 1일)/관(오동나무), 수의(면 50%, 폴리 50%), 목함, 관 장식용 생화, 입관 수시 용품/앰뷸런스, 장의버스(왕복 200km)	고이 가족장	289만원(3만원 선납 후 차액 286만원 장례 중 후불 또는 월 9,900*282개월) 장례지도사(1명, 3일), 염습상례사(1명, 1일), 접객도우미(4명, 1인당 10시간)/관(오동나무), 수의(면 100%), 유골함, 관 장식용 생화, 입관 수시 용품, 빈소 용품, 상복(남자 3벌, 여자 3벌), 상주용품/앰뷸런스, 장의버스(왕복 200km)	고이 일반장	389만원(3만원 선납 후 차액 386만원은 장례 중 후불납부)장례지도사(1명, 3일), 염습상례사(1명, 1일), 접객도우미(6명, 1인당 10시간)/관(오동나무), 수의(면 100%), 유골함, 관 장식용 생화, 입관 수시 용품, 빈소 용품, 상복(남자 6벌, 여자 6벌), 상주용품, 조문객 일회용품(200인분)/앰뷸런스, 장의버스(왕복 200km), 리무진(편도200km)	7,837,273,335	850,665,593	8,687,938,928	803,879,529	1,314,135,820	2,118,015,349	6,569,923,579	2,143,230,500	916	100	24	100	1,247,675,200	65	국민은행	예치계약	815,825,785	국민은행 광화문종합금융센터	02-3673-6294
[폐업]기린종합건설(주)	김 *  * 	경기-2024-02호	20240322	2802210186277	320-86-01227	경기도 용인시 처인구 백옥대로 1400		0313389226	mar******@kirinenc.com	폐업	20240322	20250201							0	0	0	0	0	0	0	1,750,000,000		100		100	0	0	(주)신한은행	채무지급보증	0		
모두펫그룹(주)[구(주)모두펫상조, (주)아름라이프, (주)아름투어, (주)아름여행사]	고 *  * 	경남 2024 -제1호	20230320	1101113723817	214-88-15304	경상남도 김해시 내외중앙로 137		055-311-6008	aru******@naver.com	등록취소			A크루저300만	300만원 (50,000*60회)	아름800만	800만원 (80,000*100회)	아름400만	400만원 (40,000*100회)	1,665,082,712	95,235,856	1,760,318,568	268,677,180	591,330,372	860,007,552	900,311,016	1,500,000,000	270	100	49	100	84,390,000	51	상조보증공제조합	공제계약	43,254,000		
(주)온라이프그룹	윤 *  * 	부산-2023-01호	20230213	1801111470416	583-87-02839	부산광역시 부산진구 가야대로 767	상동	051-983-1000	on*@on-life.co.kr	정상영업									1,968,680,435	21,493,501	1,990,173,936	549,135,257	0	549,135,257	1,441,038,679	1,500,000,000		100	28	100	0	0	부산은행	예치계약	0	부산은행 부전동금융센터	051-669-8245
(주)현대투어플랜[구, (주)투어세상]	조 *  * 	서울-2024-제175호	20230209	1101118507381	418-81-45153	서울특별시 송파구 송파대로16길 3		1688-2682	hto**@htourplan.co.kr	등록취소			반하고 상품	396만원(33,000*120회) 크루즈 객실, 왕복 항공료, 투어세상 여행 특전	반하고 vip상품	498만원(100,000*50회) 크루즈 객실, 왕복 항공료, 선상팁, 기항지 관광, 유류할증료, 투어세상 여행 특전			4,797,259,777	4,258,361,998	9,055,621,775	1,884,019,330	5,696,820,389	7,580,839,719	1,474,782,056	1,500,000,000	129	100	84	100	560,665,400	40	국민은행	예치계약	224,266,160	국민은행(광화문종합금융센터)	02-732-9301
(주)하나로크루즈	김 *  * 	서울-2023-제172호	20230209	1101117303590	591-86-01533	서울특별시 종로구 인사동5길 25	상동	1577-9680	han*********@gmail.com	정상영업			560크루즈	560만원(56,000*100회, 100,000*56회) 서부지중해, 동부지중해, 알래스카 크루즈 여행상품					5,133,244,514	1,914,496,982	7,047,741,496	9,442,772,094	0	9,442,772,094	-2,395,030,598	1,500,000,000	74	100	134	100	10,609,644,120	38	국민은행	예치계약	4,038,199,240	국민은행(광화문종합금융센터)	1599-9999
(주)대노복지단	김 *  * 	경기-2024-제1호	20230206	1101114155944	106-86-66454	경기도 부천시 원미구 역곡로13번길 17		1522-3527	ama************@koreapeople.net	정상영업			어메이징 발코니	520만원(52,000*100회) 아시아 단기노선 크루즈 여행 1구좌 2인, 지중해 등 중기노선 크루즈 여행 1구좌 1인(선상팀, 유류세, 항만세 등 세금공과 불포함)					303,388,606	857,994,214	1,161,382,820	538,201,292	2,888,469,831	3,426,671,123	-2,265,288,303	1,500,000,000	21	100	295	100	202,652,600	50	상조보증공제조합	공제계약	101,326,300	상조보증공제조합	1600-1226
트래블뱅크(주)	유 *  * 	서울-2023-제170호	20230206	1911110058856	613-81-70994	서울특별시 마포구 만리재로 14	서울특별시 마포구 만리재로 14	1566-3318	fam*******@wehago.com	정상영업			600만원상품	600만원(40,000*150회) 크루즈 여행(지중해, 유럽, 알래스카)	600만원상품	600만원(80,000원*75회) 크루즈 여행(지중해, 유럽, 알래스카)	300만원상품	300만원(40,000원*75회) 크루즈 여행(동남아, 한일크루즈)	229,178,010	3,605,296,123	3,834,474,133	664,084,051	8,594,135,858	9,258,219,909	-5,423,745,776	1,500,000,000	34	100	241	100	2,363,870,600	50	상조보증공제조합	공제계약(여행상품)	1,182,889,000	상조보증공제조합	
에이치디투어존(주) [구, 현대투어존(주)]	정 *  * 	서울-2023-제169호	20230206	1101115981942	360-81-00309	서울특별시 강서구 양천로 364	서울특별시 강서구 양천로 364	1588-0151	fc1****@nate.com	정상영업			VIP-여행먼저 크루즈 [120]	297만원(24,750원*120회)왕복 항공요금, 크루즈 객실 및 식사비용, 여행지 식사비용, 기항지 관광비용 등	VIP-여행먼저 크루즈 [75]	297만원(39,600원*75회) 왕복 항공요금, 크루즈 객실 및 식사비용, 여행지 식사비용, 기항지 관광비용 등	VIP-파트너스 [144]	324만원(22,500원*144회) 왕복 항공요금, 크루즈 객실 및 식사비용, 여행지 식사비용, 기항지 관광비용 등	40,926,844,679	62,010,276,100	102,937,120,779	1,504,385,510	107,641,017,978	109,145,403,488	-6,208,282,709	1,500,000,000	94	100	106	100	59,514,091,255	50	기업은행	채무지급보증계약	29,760,000,000	기업은행(가양동지점)	02-3661-8877
롯데제이티비(주)	박 *  * 	서울-2023-제168호	20230119	1101113685710	201-86-02089	서울특별시 중구 서소문로 50	서울특별시 중구 서소문로 50	02-6313-8020,1577-6511	web******@lottejtb.com	정상영업									122,427,699,708	38,778,166,886	161,205,866,594	133,121,830,124	6,923,402,557	140,045,232,681	21,160,633,913	44,000,000,000	116	100	87	100	823,639,500	73	수협은행	지급보증계약	600,000,000	수협(강남기업금융본부)	02-2051-8315
온라이프상조(주)	노 *  * 	부산-2022-01호	20220831	1801111461879	857-81-02607	부산광역시 부산진구 가야대로 767	부산광역시 부산진구 가야대로 767	1660-2013/051-927-8111	on*@on-life.co.kr	정상영업	20220901		온믿음	390만원 (30,000*130회) 수의(고급저마), 관(오동나무 4.2 2단), 리무진(왕복200km 지원)	온소망	490만원 (35,000*140회) 수의(대마), 관(오동나무 4.2 2단), 리무진(왕복400km 지원)	온사랑	720만원 (50,000*144회) 수의(대마, 특), 관(오동나무 4.2 2단), 리무진(전국무료 지원)	2,007,265,644	2,073,596,159	4,080,861,803	240,102,882	2,379,307,602	2,619,410,484	1,461,451,319	1,500,000,000	162	100	64	100	593,315,000	50	국민은행	예치계약	296,657,500	국민은행 가야지점	051-209-8135
[폐업]으뜸라이프	김 *  * 	서울-2011-제97호	20110322	1311110207629	129-86-20295	서울특별시 용산구 한강대로21길 29-28		1599-7882	top******@hanmail.net	폐업		20120726							0	0	0	0	0	0	0	300,000,000		100		100	0	0	국민은행	예치계약			
[폐업](주)금정상조	박 *  * 	서울-2011-제90호	20110316	1101113757650		서울특별시 송파구 백제고분로15길 56		02-420-2177	gst**@naver.com	폐업		20110712							0	0	0	0	0	0	0	300,000,000		100		100	0	0	국민은행	예치계약		국민은행 서잠실지점	02-419-1671
(주)하나로라이프	정 *  * 	서울-2019-제165호	20190408	1101113158155	107-86-66909	서울특별시 영등포구 경인로71길 70	서울특별시 영등포구 경인로71길 70	1899-4171	jdy****@nate.com	정상영업	20190408		온정형	3,200,000원(20,000원x160회), 수의(대마, 국내산), 관(고급오동나무)	진심형	3,900,000원(10,000원x390회/20,000원x195회/39,000x100회), 수의(대마, 국내산), 관(고급오동나무)	정성형	4,200,000원(42,000x100회), 수의(대마, 국내산), 관(오동나무2단관)	706,813,154	250,011,000	956,824,154	226,804,000	0	226,804,000	730,020,154	1,569,000,000	422	100	24	100	225,368,000	50	신한은행	예치계약	112,684,000	신한은행 강북방학센터점	02-906-1386
씨케이티피에스라이프(주)[구, 씨케이티(주), 피에스라이프(주)]	양 *  * 	서울2018-제164호	20181101	1101113794652	120-87-21988	서울특별시 송파구 중대로 158	상동	02-569-0071	yjj***@ckt21.com	정상영업	20190801		부모사랑 PS 199 PLUS	1,990,000원(10,000원x199회), 수의(대마, 중국산), 관(오동나무, 중국산), 리무진(200km)	부모사랑 PS 430	4,300,000원(10,000원x1회, 30,000원x143회), 수의(대마, 중국산), 관(오동나무, 중국산), 리무진(400km)	부모사랑 PS 1200	12,000,000원(30,000원x150회, 7,500,000원 일시납), 주석유골함, 수의(대마, 중국산), 관(오동나무, 중국산), 리무진(전국)	410,137,149	1,944,876,000	2,355,013,149	202,946,942	5,410,000	208,356,942	2,146,656,207	5,437,105,000	39779	100	9	100	5,480,000	85	신한은행	예치계약	4,658,000	신한은행 테헤란로기업금융센터	02-554-6800
(주)평화누리	천 *  * 	서울-2018-162	20180619	1101116769397	813-88-01058	서울특별시 서초구 반포대로 22	서울특별시 서초구 반포대로 22	02-2258-8403	phd**@cef.or.kr	정상영업	20180611		평화 450만원	450만원 (22,500*200회/45,000*160회/4,275,000일시불) 수의(대마, 중국산), 관(오동나무, 중국산), 버스(왕복200km) 리무진(100km이내)무료제공 등	평화 530만원	530만원 (26,500*200회/53,000*100회/5,035,000일시불) 수의(대마, 중국산), 관(오동나무, 중국산), 버스, 리무진(200km이내 무료제공) 등	평화 1000만원	1000만원 50,000*200회/100,000*100회/9,500,000일시불) 수의(대마, 중국산), 관(오동나무, 중국산), 버스, 리무진(전국 무료)제공 등	42,930,091,408	97,645,445,181	140,575,536,589	3,277,773,364	108,477,519,389	111,755,292,753	28,820,243,836	10,000,000,000	126	100	79	100	108,733,124,238	51	우리은행	예치계약	55,660,822,755	우리은행 서초남지점	02-587-7491
산림조합라이프 주식회사[(구)에스제이산림조합상조 주식회사]	이 *  * 	서울-2016-제155호	20161024	1101116162799	227-86-00536	서울특별시 송파구 석촌호수로 166	서울특별시 송파구 석촌호수로 166	1800-3535	sjs*****@sjsangjo.com	정상영업	20161024		숲으로558	558만원(20,000원*279회), 수의(대마, 중국산), 관(오동나무, 중국산), 고급봉안함(화장시), 리무진 및 버스(전국무료) 등	숲으로540	540만원(20,000*270회), 수의(대마, 중국산), 관(오동나무, 중국산), 고급봉안함(화장시), 리무진 및 버스(전국무료) 등	숲으로480	480만원(24,000*200회), 수의(대마, 중국산), 관(오동나무, 중국산), 진공봉안함(화장시), 리무진 및 버스(400km이내) 등	45,625,181,538	80,650,305,408	126,275,486,946	2,433,572,114	125,206,549,160	127,640,121,274	-1,364,634,328	2,915,040,000	99	100	101	100	131,633,809,100	50	상조보증공제조합/신한은행	공제계약/지급보증	56403555550/9413349000	상조보증공제조합, 신한은행 문정역금융센터	1600-1226, 02-6023-7826
[등록취소]㈜중앙고속	권 *  *  *  *  *  *  * 	경기-2015-제3호	20150703	1101110101090	219-81-01636	서울특별시 송파구 올림픽로35길 123	서울특별시 송파구 올림픽로35길 123	1666-8844	cha*******@hanmail.net	등록취소	20150201		SAJA210+	210만원(17,500*120회/50,000*42회) 쿠루즈, 어학연수, 허니문&패키지, 상조서비스	SAJA396	396만원(33,000*120회/66,000*60회) 쿠루즈, 어학연수, 허니문&패키지, 상조서비스	SAJA480	480만원(40,000*120회/80,000*60회) 쿠루즈, 어학연수, 허니문&패키지, 상조서비스	35,771,090,640	31,354,862,795	67,125,953,435	39,171,192,192	5,672,304,050	44,843,496,242	22,282,457,193	15,350,000,000		100	67	100	60,190,000	50	상조보증공제조합	공제계약	30,095,000	상조보증공제조합	1600-1226
[직권말소](주)베젤	상 *  * 	인천 2015-제1호	20150615	1201110711524		인천광역시 남동구 경인로 508		070-4907-8789	189*****@bezellife.com	폐업	20150615	20171228							0	0	0	0	0	0	0	300,000,000		100		100	0	0	외환은행	예치계약	0		
[직권말소](주)하나로라이프2[구. (주)제이비라이프][(주)하나로라이프(서울-2019-제165호)로 흡수합병]	정 *  * 	서울-2017-제160호	20150519	2101110104845	191-81-00023	서울특별시 영등포구 경인로71길 70	상동	1899-4171	jdy****@nate.com	폐업	20150316	20190411	진심형	390만원(39,000원*100회) 수의(대마,국내산), 관(고급 오동나무관) 캐딜락, 버스 등	진심형	375만원(25,000원*151회), 수의(대마,국내산), 관(고급 오동나무관),캐딜락, 버스 등	정성형	420만원(4만2천원*100회), 수의(대마, 국내산), 관(고급오동나무2단관), 캐딜락, 버스 등	2,724,689	65,084,920	67,809,609	0	119,652,000	119,652,000	-51,842,391	330,000,000	57	100	176	100	119,862,000	50	신한은행	예치계약	59,531,000		
[직권말소](주)하나린라이프	윤 *  * 	광주광역시 제2015-1호	20150430	2001110425300	205-81-41546	광주광역시 광산구 첨단중앙로124번길 77		062-974-3030	han********@hanmail.net	폐업	20150711	20190220	하나린 VIP	390만원(3만원x130회) 수의(대마, 중국산), 관(오동나무, 중국산), 리무진(200km이내 무료제공) 등					143,667,541	137,950,020	281,617,561	3,978,401	34,868,700	38,847,101	242,770,460	300,000,000	796	100	14	100	50,859,626	50	국민은행	예치계약	25,429,813	국민은행(송정지점)	062-941-0074
[폐업](주)기업상조	서 *  * 	서울-2015-제148호	20150318	1101115656214	172-86-00027	서울특별시 광진구 군자로 108		02-499-5100		폐업	20150319	20170220	실속형	2.5만원~4만원(10년 120회~20년 240회) 기본품목(장례지도사, 리무진, 관, 수의, 상복, 운구도우미)+선택품목(야간접객도우미, 횡대, 상주편의용품) 등을 가입단체에서 상조 상품조립	표준형	4만원~6만원(10년 120회~20년 240회) 기본품목(장례지도사, 리무진, 관, 수의, 상복, 운구도우미)+선택품목(야간접객도우미, 횡대, 상주편의용품) 등을 가입단체에서 상조 상품조립	프리미엄형	6만원~9만원(10년 120회~20년 240회) 기본품목(장례지도사, 리무진, 관, 수의, 상복, 운구도우미)+선택품목(야간접객도우미, 횡대, 상주편의용품) 등을 가입단체에서 상조 상품조립	274,104,543	20,000,000	294,101,543	0	0	0	294,101,543	300,000,000	0	100	0	100	0	0	신한은행	예치계약	0	신한은행(군자역지점)	02-492-3690
[폐업]㈜동원씨앤드에스	이 *  * 	서울-2015-제145호	20150908	1101114725606	206-86-59286	서울특별시 성동구 천호대로 436	서울특별시 성동구 천호대로 436	02-2210-4898	hon*******@naver.com	폐업	20150908	20160610	보급형	200만원(전액후불제) 장례도우미3명, 수의(마100%중국,국내), 장의버스/리무진 택일(왕복200km이내 무료)	골드형	300만원(전액후불제) 장례도우미5명, 수의(대마100%중국,국내제작), 장의버+리무진 택일(왕복200km이내 무료)	VIP형	650만원(전액후불제) 장례도우미8명, 수의(명품대마100%중국,국내수제작), 장의버스+리무진 택일(전국무료), 3단근조화환	325,359,290	38,168,492	363,527,782	26,269,384	0	26,269,384	337,258,398	300,000,000		100	7	100	0	0	신한은행	예치계약	0		
[폐업]㈜푸른라이프	최 *  * 	전북2014-제2호	20140917	2101110099820	402-86-10654	전북 전주시 완산구 중화산로 100, 4층 102호(중화산동 2가)	좌동	063-223-4747	cds****@nate.com	폐업	20140917	20150119							0	0	0	0	0	0	0	300,000,000		100		100	0	0	신한은행	예치계약	0		
[폐업]㈜늘사랑상조[구.㈜엠제이라이프]	김 *  * 	경기-2014-제04호	20140724	1341110213441	138-81-71605	경기 안양시 동안구 관악대로 359번길 10-18, 206호	좌동	1599-2495	ce*@mjlife.kr	폐업	20140724	20170829	일반270	장례 후 지급(전액), 전액후불식	상품390	장례 후 지급(전액), 전액후불식	고급495	장례 후 지급(전액), 전액후불식	77,961,922	8,562,200	86,524,122	3,875,413	0	3,875,413	82,648,709	300,000,000		100	4	100	0	0	국민은행	예치계약	0		
[폐업]㈜한두레[선불식할부거래업자에 해당되지 않아 폐업]	김 *  * 	서울-2014-제143호	20140528	1101114434900	105-87-48805	서울특별시 종로구 필운대로 12		02-720-9517	mas***@handurae.org	폐업	20140701	20190118	더불어 삶 상모계	3,420,000(22,800*150회) 맞춤형 선택구매					426,512,350	886,949,428	1,313,461,778	16,767,190	1,696,966,813	1,713,734,003	-400,272,225	310,000,000	76	100	130	100	1,976,409,640	51	국민은행	예치계약	1,009,989,815	국민은행(돈화문지점)	02-745-4551
[폐업]㈜메가라이프	김 *  * 	전북-2014-제1호	20140707	2101110098056	402-86-09161	전북 전주시 완산구 노송여울1길 3, 3층(서노송동, 대한통운빌딩)	상동	063-288-3311	bab****@nate.com	폐업	20140707	20151221	메가크루즈	396만원 크루즈396					0	0	0	0	0	0	0	300,000,000	100	100		100	35,310,000	50	신한은행	예치계약	17,655,000		
㈜우리관광	안 *  * 	서울-2014-제142호	20140701	1101114848086	109-86-34553	서울특별시 양천구 가로공원로 137	상동	1644-9645	woo********@naver.com	정상영업	20120419		WRT490	490만원(100,000*49회) 여행상품					2,521,607,571	17,293,351,799	19,814,959,370	119,624,217	29,717,336,620	29,836,960,837	-10,022,001,467	1,500,000,000	56	100	151	100	25,280,890,000	50	국민은행	예치계약	12,657,408,368	국민은행 신월동지점	02-2697-0972
㈜한주라이프	이 *  * 	서울-2014-제141호	20140508	1101115397537	215-87-90764	서울특별시 영등포구 선유로 130	상동	010-개인정보	han******@gmail.com	정상영업	20140424		더드림330	330만원(3만*110회) 수의(저마, 중국), 오동관(약15mm1단, 중국), 리무진,버스(택1) 관내지원 등	더드림480	480만원(3만*160회) 수의(저마, 중국), 오동관(약40mm2단, 중국), 리무진,버스(왕복 300km) 등	더드림630	630만원(3만*210회) 수의(대마, 중국), 오동관(약40mm2단, 중국), 리무진,버스(전국무료) 등	1,461,775,785	17,241,556	1,479,017,341	93,263,730	34,232,000	127,495,730	1,351,521,611	1,500,000,000	4048	100	9	100	34,724,000	50	신한은행	예치계약	17,362,000	신한은행 창신동금융센터	02-2236-5633
[폐업](주)하늘예담	고 *  * 	서울2014-제140호	20140304	1101115343811	105-87-98659	서울시 마포구 월드컵북로 23길 9, 2층	상동	02-1599-4277	adm**@hylife.co.kr	폐업		20140507							0	0	0	0	0	0	0	300,000,000		100		100	0	0	국민은행	예치계약	0		
[폐업] ㈜건국상조	문 * 	충북-2014-제1호	20140106	1511110036503	303-81-56979	충청북도 충주시 중앙탑면 탄금대로 851	경기도 수원시 장안구 경수대로 759	1577-4404	kon*******@naver.com	폐업	20131224	20180307	180만원	수의,버스/리무진(100km) 택1,분골함(오동목)/관보 택1, 상복(남3,여3), 관(오동나무), 장례지도사1명, 도우미 4명 등	280만원	수의, 꽃서비스(10만원상당), 리무진,버스(200km), 유골함(황토보자기/횡대(오동목) 택1, 상복(남5,여5), 관(오동나무), 장례지도사 1명, 도우미5명 등			8,913,287	150,009,000	158,922,287	3,367,060	11,400,000	14,767,060	144,155,227	300,000,000	5158	100	9	100	2,850,000	50	국민은행	예치계약	1,425,000	국민은행(정자동지점)	031-251-1986
[등록취소]베누스(주)	문 *  * 	서울-2013-138호	20131223	1201110596207	121-86-14329	서울특별시 구로구 디지털로30길 28	서울특별시 구로구 디지털로30길 28	02-2098-3800	tax******@naver.com	등록취소	20120112		웨딩296	296만원/계약금 중도금 잔금, 스튜디오, 드레스 메이크업, 부케, 이벤트 등	웨딩360	360만원/계약금 중도금 잔금, 스튜디오, 드레스 메이크업, 부케, 이벤트 등			43,173,634	105,405,363	148,578,997	645,482,148	0	645,482,148	-496,903,151	340,000,000	-70	100	434	100	284,370,000	9	국민은행	예치계약	24,863,332		
[폐업](주)가족사랑휴	주 *  * 	경기-2013-02호	20131119	1342110145452	126-86-70438	경기도 광주시 오포읍 오포로 211-49	경기도 광주시 오포읍 오포로 211-49	1899-5113	zye****@nate.com	폐업	20131119	20160710							363,929,189	50,000,000	413,929,189	106,814,097	0	106,814,097	307,115,092	300,000,000		100	26	100	0	0	국민은행	예치계약	0		
[폐업]미소도움상조㈜[구.예사랑상조㈜,가족상조(주)]	임 *  * 	경기-2012-04호	20121015	2850110208905	128-86-68317	경기도 고양시 덕양구 통일로 500	상 동	031-963-6210	yes****@e-yemon.co.kr	폐업	20111222	20180108	240만원	240만원(2만x120회), 수의,오동나무, 리무진 왕복100km 무료	360만원	360만원(3만x120회), 수의,오동나무,리무진 왕복 200km 무료	480만운	480만원(4만x120회), 수의,오동나무, 리무진 왕복 300km 무료	406,692,294	15,000,000	421,692,294	70,709,995	0	70,709,995	350,982,299	300,000,000	3527	100	17	100	8,431,702	3	신한은행	예치계약	253,311	신한은행(충무로극동지점)	02-2273-9300
[등록말소]㈜예드림라이프[구, ㈜한상라이프, (주)한국요양상조]	마 *  * 	대전-선불식할부거래업-24	20120921	1355110205910	134-86-93091	대전광역시 동구 계족로 510	대전광역시 동구 계족로 510	1644-4379	san*******@hanmail.net	폐업	20120806	20160713	예드림 6호	396만원(3만원x132회), 수의(대마,국내산), 관(오동나무,중국산), 리무진(거리관계없음) 등	예드림 7호	264만원(2만원x132회), 수의(저마,국내산), 관(오동나무,중국산), 장의버스 또는 운구차 (왕복200km)등			152,454,541	268,511,944	420,966,485	406,458,605	0	406,458,605	14,507,880	430,000,000	110	100	97	100	139,448,000	34	신한은행	예치계약	47,533,588	신한은행(분당지점)	031-711-5300
[폐업](주)백년상조	정 *  * 	경북-2012-제11호	20120404	1717110098614	506-81-79076	경북 포항시 북구 침촌로 9(장성동)	상 동	010-개인정보	yms*********@naver.com	폐업	20120312	20131212							0	0	0	0	0	0	0	300,000,000		100		100	0	0	우리은행	예치계약	0		
[폐업](주)우리동네상조[구, (주)대한공직자상조서비스]	김 *  * 	서울-2013-제135호	20130826	1101115192903	114-87-10884	서울특별시 서초구 방배로 270	상동	1644-4417	ksj*****@naver.com	폐업	20130826	20170430	일반형	288만원(월24,000원X120회) 수의(대마,중국), 관(오동나무,중국), 장의버스,리무진(왕복 150km), 도우미40시간(10시간*4명),일회용품 300인분	실속형	384만원(월30,000원X120회) 수의(대마,중국), 관(오동나무, 중국), 장의버스,리무진(왕복 300km), 도우미 60시간(10시간*6명), 일회용품 600인분	고급형	492만원(월41,000원X120회) 수의(대마,중국), 관(오동나무,중국), 장의버스,리무진(왕복 400km), 도우미80시간(10시간*8명), 일회용품 600인분	261,438,461	29,832,000	291,270,461	71,200	0	0	291,270,461	300,000,000		100	0	100	0	0	신한은행	예치계약	0	신한은행(이수역지점)	02-536-0505
[폐업](주)우리라이프상조	김 *  * 	서울-2013-제137호	20131031	1101115249225	101-86-84383	서울시 강남구 테헤란로 19길 10, 7층(역삼동, 정안빌딩)	서울시 강남구 테헤란로 19길 10, 7층(역삼동, 정안빌딩)	02-581-0108	woo**@woorisj.com	폐업	20131018	20150611							0	0	0	0	0	0	0	300,000,000		100		100	0	0	국민은행	예치계약	0		
[직권말소](주)동원라이프[세종라이프(주)로 흡수합병]	마 *  * 	서울-2012-제122호	20120803	1101114933796	204-86-36462	서울특별시 광진구 아차산로36길 5	서울특별시 광진구 아차산로36길 5	02-924-0960	swd****@empas.com	폐업	20120809	20190326	다드림 300	300만원(25,000*120회),수의(저마, 중국산), 관(오동나무,중국산), 리무진,버스 중 택1 (왕복 300km 무료제공)	다드림 396	396만원(33,000*120회) 수의(대마,중국산), 관(오동나무, 중국산), 리무진, 버스(왕복 300km 무료제공)	다드림 588	588만원(49,000원*120회) 수의(대마,중국산), 관(오동나무, 중국산), 리무진, 버스(전국무료제공)	54,845,175	511,705,296	566,550,471	5,900,723	901,790,240	907,690,963	-341,140,492	300,000,000	59	100	160	100	1,022,014,670	50	신한은행	예치계약	511,007,335	신한은행(신설동지점)	02-2236-5631
[등록말소](주)휴맨코리아	양 *  * 	전남 2013-제1호	20130924	1101114953033	264-81-03707	전라남도 순천시 충효로 32,501(연향동 동원빌딩)	상동	061-726-7270	hum**@daum.net	폐업	20131124	20150601							0	0	0	0	0	0	0	320,000,000		100		100	0	0	국민은행	예치계약	0	국민은행(압구정서지점)	02-511-7852
[폐업](주)신한피비본부	이 *  * 	서울2012-123호	20120828			서울특별시 구로구 디지털로31길 38-21, 507호(구로동, 이앤씨벤처드림타워3차)	서울특별시 구로구 디지털로31길 38-21, 507호(구로동, 이앤씨벤처드림타워3차)	02-853-8747	ren******@nate.com	폐업		20131216							0	0	0	0	0	0	0	300,000,000		100		100	0	0	신한은행	예치계약	0		
[폐업](주)상영	이 *  * 	경기-2012-02호	20120625	1358110212307	135-86-22420	경기도 수원시 권선구 매송고색로 873	경기도 수원시 권선구 매송고색로 873	031-281-2850	san*********@naver.com	폐업	20120701	20170504	상영 1호/ 장례	300만원 후불제 수의(대마) 관(오동나무) 버스,리무진					291,165,436	200,000	291,365,436	3,685,440	37,800,000	41,485,440	249,879,996	300,000,000	764	100	14	100	37,620,000	50	국민은행	예치계약	18,810,000		
[직권말소]브이아이피상조㈜(구.㈜삼성금융라이프))[농촌사랑(주)로 흡수합병]	이 *  * 	서울 2013-제136호	20130912	1101115205160	107-88-00920	서울특별시 영등포구 영등포로 116-1	서울특별시 영등포구 영등포로 116-1	1577-0766	vip****@naver.com	폐업	20130912	20190514	태권 360	3만원*120회, 수의(대마,중국산), 관(오동나무,중국산), 리무진·운구버스(200km 무료제공) 등	VIP 390	3만원*130회, 수의(대마,중국산), 관(오동나무,중국산), 리무진·운구버스(200km 무료제공) 등	VIP 480	3만원*160회, 수의(대마,중국산), 관(오동나무,중국산), 리무진·운구버스(200km 무료제공) 등	6,270,360	191,865,778	198,136,138	3,292,790	341,715,000	345,007,790	-146,871,652	300,000,000	57	100	174	100	350,545,000	48	국민은행	예치계약	167,624,428		
[폐업]플래티늄웨딩(주)	강 *  * 	서울-2011-제111호	20110809	1101113790650		서울 강남구 강남대로 128길 69, 2층(논현동)	서울 강남구 강남대로 128길 69, 2층(논현동)			폐업		20120809							0	0	0	0	0	0	0	300,000,000		100		100	0	0	우리은행	예치계약	0		
[등록취소]동방종합상조(주)	손 *  * 	경남-2011-제16호	20110307	1901110033370		경남 창원시 마산회원구 양덕동 151-25 한백빌딩 8층	경남 창원시 마산회원구 양덕동 151-25 한백빌딩 8층			등록취소									0	0	0	0	0	0	0	300,000,000		100		100	0	0	한국상조공제조합	공제계약	0		
[폐업](주)명인라이프	임 *  * 	서울-2012-제124호	20121108	1101114767260	119-86-50939	서울특별시 관악구 조원로 175-1	서울특별시 관악구 조원로 175-1	1588-1345	lim****@myuninlife.com	폐업	20110106	20150623	스마트161	후불제, 수의(대마, 중국), 관(오동나무, 중국), 리무진 100km이내	스마트215	후불제, 수의(대마, 중국), 관(오동나무, 중국), 리무진 400km이내			5,804,556,430	102,369,346	5,906,925,776	2,441,626,269	47,579,313	2,489,205,582	3,417,720,194	300,000,000		100	42	100	0	0	우리은행	예치계약	0		
[등록말소](주)상조법인좋은라이프[구,한국의전통합서비스(주)]	송 *  * 	대구-2013-제34호	20130718	1701110495615	503-86-07016	대구광역시 서구 달서로 249	상동	053-354-4451	vkf***@naver.com	폐업	20130718	20160308							0	0	0	0	0	0	0	300,000,000		100		100	0	0	국민은행	예치계약	0		
(주)유니드라이프[그랜드라이프㈜[구, 하나글로벌라이프㈜, 전국통합상조협회㈜, ㈜천세상조]]	고 *  * 	경기-2023-01호	20120613	1101114860767	204-86-34300	경기도 남양주시 별내중앙로 30	경기도 남양주시 별내중앙로 30	1544-7046	une******@naver.com	정상영업	20120508		GL 390	3900000(30000*130회) 관(오동나무), 수의(대마), 의전용품, 장례지도사, 도우미3명(8시간), 행사팀장1명, 리무진1, 버스1(왕복200km), 황토유골함	GL 450	4500000(30000*150회) 관(오동나무), 수의(대마), 의전용품, 장례지도사, 도우미4명(8시간), 행사팀장1명, 리무진1, 버스1(왕복400km), 일반유골함	GL 590	5900000(50000*118회) 관(오동나무), 수의(대마), 의전용품, 장례지도사, 도우미6명(8시간), 행사팀장1명, 리무진1, 버스1(왕복800km), 일반유골함	6,472,044	236,367,995	242,840,039	226,170,591	383,398,620	609,569,211	-366,729,172	1,500,000,000	4	100	251	100	376,483,480	53	국민은행	예치계약	198,910,791	국민은행(먹골역 지점)	02-973-0018
[직권말소]㈜해피드림	신 *  * 	대구-2013-제33호	20130618	1701110471970	504-86-02479	대구 수성구 동대구로 401(범어동, 삼성화재빌딩)	대구 수성구 동대구로 401(범어동, 삼성화재빌딩)	053-742-0278	hpd******@naver.com	폐업		20141211							0	0	0	0	0	0	0	300,000,000		100		100	0	0	국민은행	예치계약	0		
(주)웰리빙라이프[구, 한국통합상조(주)]	강 *  * 	경남 2023-제1호	20130613	1101115136018	106-86-93970	경상남도 양산시 삼호로 106	경상남도 양산시 삼호로 106	1544-4694	th9****@naver.com	정상영업	20130521		300만	300만원(2만원*150회) 수의(삼베), 관(오동나무), 리무진/장의버스(관내무료/택1) 등	390만	390만원(2만6천원*150회) 수의(대마), 관(오동나무), 리무진/장의버스(왕복200km무료) 등	480만	480만원(3만2천원*150회) 수의(대마), 관(오동나무2단), 리무진/장의버스(왕복300km무료) 등	2,107,215,719	7,426,786,614	9,534,002,333	47,140,278	14,173,374,001	14,220,514,279	-4,686,511,946	1,500,000,000	66	100	149	100	13,269,982,860	50	국민은행	예치계약	6,634,991,430	국민은행(서면지점)	051-816-4977
[폐업](주)유니웨딩	정 *  * 	서울-2012-제120호	20120803	1101114916023	108-86-02311	서울 동작구 동작대로 3길 10, 7층(사당동, 한전빌딩)	서울 동작구 동작대로 3길 10, 7층(사당동, 한전빌딩)	1661-9050	uni******@esero.go.kr	폐업	20120810	20140327							0	0	0	0	0	0	0	300,000,000		100		100	157,070,450	5	우리은행	예치계약	7,621,000		
[폐업]에스티라이프(주)[구, 삼성토탈라이프(주)]	박 *  * 	경기-2013-01호	20130502	2850110236295	128-86-85408	경기도 구리시 동구릉로6번길 9	상 동	1544-3378	ppk*******@naver.com	폐업	20130219	20190124	클래스390	390만원(39,000원*100회) 관(오동나무-원산지:중국,제조:한국), 수의(대마100%-원단:중국, 제조:한국), 리무진, 버스(왕복200km), 꽃제단장식(st.1호 1단), 장례지도사 2명, 도우미 2명, 의전용품	클래스490	490만원(49,000원*100회) 관(오동나무-원산지:중국,제조:한국), 수의(명품대마100%-원단 : 중국, 제조: 한국), 리무진, 버스 (왕복300km), 꽃제단장식(st.2호 1단), 장례지도사2명, 도우미4명, 의전용품	클래스720	720만원(120,000*60회) 관(오동나무-원산지:중국,제조:한국), 수의(금장대마100%-원단 : 중국, 제조:한국), 리무진, 버스(전국무료), 꽃제단장식(st.3호 1단), 장례지도사 2명, 도우미 4명, 의전용품, 장례식장 40만원 3일장 기준 제공 or 운구도우미 6명	883,974,800	27,454,742	911,429,542	112,075,015	2,763,450,121	2,875,525,136	-1,964,095,594	300,000,000	28	100	315	100	315,738,000	83	신한은행	예치계약	263,385,000		
[폐업](주)맘스컴퍼니	엄 *  * 	서울-2013-제127호	20130405	1101114787888	114-86-93457	서울 강남구 논현동  봉은사로 115,3층(논현동,노벨테크빌딩)	서울 강남구 논현동 봉은사로 115,3층(논현동,노벨테크빌딩)	1599-7325	mom*****@naver.com	폐업	20130405	20141023	웨딩케어(5)	400만원(5X80) 스튜디오, 드레스, 메이크업, 스킨케어 등	웨딩케어(10)	400만원(10X40) 스튜디오, 드레스, 메이크업, 스킨케어 등			0	0	0	0	0	0	0	458,000,000		100		100	0	0	우리은행	예치계약	0		
[폐업](주)대한불교상조가피	엄 *  * 	서울-2013-126호	20130403	1101115068477	101-86-79008	종로구 새문안로 3길 36, 321호(내수동, 용비어천가)	종로구 새문안로 3길 36, 321호(내수동, 용비어천가)	02-581-0108	bjk**@gapysangjo.co.kr	폐업	20130403	20140115	가피396	396만원(월3만3천*120회)	가피552	552만원(월4만6천*120회)	가피924	924만원(월7만7천*120회)	337,441,610	20,909,090	358,350,700	64,000,000	0	64,000,000	294,350,700	900,000,000		100	18	100	0	0	국민은행	예치계약	0		
[폐업]㈜하늘가	최 * 	경기-2012-제5호	20121211	1348110258071	143-81-07105	경기도 화성시 향남읍 서봉로755번길 17-15	경기도 화성시 향남읍 서봉로755번길 17-15	1899-3006	ch4***@empas.com	폐업	20121211	20190120	해밀이코노미380	380만원(2.5만원*152회/3.8만원*100회) 수의(대마기계,중국산),관(오동나무,중국산),리무진(200km이내)등	해밀이코노미500	500만원(4만원*125회/5만원*100회) 수의(대마기계,중국산),관(오동나무,중국산),리무진(500km이내)등			246,511,155	468,452,000	714,963,155	4,085	425,538,000	425,542,085	289,421,070	300,000,000	168	100	60	100	135,598,000	52	우리은행	예치계약	70,283,500		
(주)보훈[구, (주)보훈상조]	박 *  * 	경남-2013-제24호	20130225	1942110210154	609-86-10987	경상남도 창원시 의창구 중동중앙로 47	경상남도 창원시 의창구 중동중앙로 47	1566-3585	boh***@bohoon.co.kr	정상영업	20130225		보훈 플러스	450만원 (20,000*225회)  수의(대마50%, 저마50% 중국산), 관(오동나무), 리무진(1차장지기준)/운구버스(각각 왕복 200km 무료제공) 등	보훈 프라임	550만원 (22,000*250회)  수의(대마50%, 저마50% 중국산), 관(오동나무), 리무진(1차장지기준)/운구버스(전국 무료제공) 등	보훈 플래티넘	625만원(25,000*250회)  수의(대마50%, 저마50% 중국산), 관(오동나무), 리무진(1차장지기준)/운구버스(각각 전국 무료제공) 등	12,733,334,139	14,033,738,141	26,767,072,280	30,139,781,754	444,390,202	30,584,171,956	-3,817,099,676	1,530,000,000	87	100	114	100	29,977,773,700	50	상조보증공제조합	공제계약	14,988,886,850	상조보증공제조합	1600-1226
[등록취소]교원가족상조(주)	김 *  * 	대구-2012-제32호	20120607	1701110458788	504-81-99299	대구광역시 중구 국채보상로 532-1 (수동,5층)	대구광역시 중구 국채보상로 532-1 (수동,5층)	053-742-0167	dtm***@hanmail.net	등록취소									0	0	0	0	0	0	0	300,000,000		100		100	0	0	우리은행	예치계약	0		
[폐업]한국라이프플러스(주)	박 *  * 	서울-2012-제118호	20120312	1201110600868	137-86-18510	서울영등포구 국회대로 529,3층(양평동3가,대한제분빌딩)	서울영등포구 국회대로 529,3층(양평동3가,대한제분빌딩)	1599-3767	tru****@naver.com	폐업	20120302	20150212	장례1호	396만원(3만3천원*120회),수의(대마,국내산),관(오동나무,원산지:중국,국내제조),리무진(300km이내 무료제공)	장례2호	600만원(5만원*120회),수의(대마,국내산),관(송솔관,원산지:중국,국내제조),리무진(전국 무료제공)	장례3호	1260만원(10만5천원*120회),수의(대마,국내산),관(향나무,원산지:중국,국내제조),리무진(전국 무료제공)	0	0	0	0	0	0	0	300,000,000	7890	100		100	0	0	국민은행	예치계약	0		
[폐업](주)품앗이티에스	오 *  * 	부산-2012-39호	20120511	1801110806232	606-86-37293	부산 사상구 가야대로 348 (주례동, 이알빌딩 6층)	부산 사상구 가야대로 348 (주례동, 이알빌딩 6층)	1566-5366		폐업		20130713	고급200 품앗이	200만원(2만원*100회),관(오동나무1.0치,중국산),수의(특상고급품,국내),장의차(200,000원 보조금지급) 등	최고급300 품앗이	300만원(3만원*100회),관(오동나무1.5치 2단,중국산),수의(본견+저마100%,국내),장의차(장의차 또는 리무진선택) 등	프리미엄400 품앗이	400만원(4만원*100회),관(솔송나무1.5치,중국산),수의(본견+저마100%,국내),리무진제공(왕복 200km)등	0	0	0	0	0	0	0	300,000,000		100		100	0	0	신한은행	예치계약	0		
휴먼라이프(주)	박 *  * 	서울-2012-제115호	20120321	1101114818245	114-86-94252	서울특별시 서초구 서초중앙로 64	충청북도 청주시 흥덕구 2순환로1167번길 4	1544-6477	hum*******@naver.com	정상영업	20120321		프리미엄 525	525만원(1만8천5백원*284회, 3만7천원*142회, 7만4천원*71회) 수의(대마, 국내산), 관(오동나무, 중국산), 리무진(전국무료) 등	프리미엄 525	525만원(3만7천원*142회) 수의(대마, 국내산), 관(오동나무, 중국산), 리무진(전국무료) 등	프리미엄 525	525만원(7만4천원*71회) 수의(대마, 국내산), 관(오동나무, 중국산), 리무진(전국무료) 등	42,178,285,647	50,284,207,964	92,462,493,611	1,033,628,739	88,356,504,202	89,390,132,941	3,072,360,670	1,583,000,000	103	100	97	100	20,040,408,306	50	우리은행	예치계약	10,020,204,153	우리은행(가경동지점)	043-236-6925
[폐업](주)대신장제문화산업	김 *  * 	서울-2012-제113호	20120127	1101113510032	110-81-75923	서울 은평구 녹번동 199 302호	서울 은평구 녹번동 199 302호	02-386-4446	kki********@hanmail.net	폐업	20060821	20160302							341,219,029	29,803,028	371,022,057	45,247,624	0	45,247,624	325,774,433	300,000,000	948	100	12	100	30,311,800	50	신한은행	예치계약	15,155,900	신한은행 응암동지점	02-358-6200
우리제주상조(주)	한 *  * 	제주-2012-제1호	20120118	2201110088576	616-81-91950	제주특별자치도 제주시 승천로 62	상동	1899-3412	hel*@woorijeju-sangjo.co.kr	정상영업	20120201		실속형330	330만원(2만원*165회) 관(오동, 중국), 수의(저마 또는 특명주, 중국), 장의버스/리무진 택1(도내무료) 등	고급형420	420만원(2만5천*168회) 관(오동, 중국), 수의(대마 또는 특명주, 중국), 장의버스, 리무진(도내무료) 등	가족형810	810만원(2만5천*162회*2구좌) 관(오동, 중국), 수의(저마 또는 특명주, 중국), 장의버스, 리무진(도내무료) 등	4,086,170,001	16,805,643,181	20,891,813,182	132,787,546	20,156,500,010	20,289,287,556	602,525,626	1,510,000,000	102	100	97	100	19,403,776,650	52	우리은행	예치계약	10,070,633,961	우리은행 제주지점	064-722-3151
[직권말소](주)임마누엘케이에스파트너[한국힐링라이프(주)로의 피흡수합병]	이 *  * 	서울-2011-제112호	20111103	1101114291433	220-87-95441	서울특별시 영등포구 선유로3길 10	서울특별시 영등포구 선유로3길 10	1577-1967	kor**********@gmail.com	폐업	20100205	20180530	임마누엘가족440	3,900,000(10,000X390회) 세마포 수의, 오동나무 관, 리무진 전국무료 또는 장의버스 전국무료 등	임마누엘가족440	3,900,000(20,000X195회) 세마포 수의, 오동나무 관, 리무진 전국무료 또는 장의버스 전국무료 등	임마누엘가족440	3,900,000(30,000X130회) 세마포 수의, 오동나무 관, 리무진 전국무료 또는 장의버스 전국무료 등	2,534,621,673	1,549,971,074	4,084,592,747	16,538,025	6,291,932,484	6,308,470,509	-2,223,877,762	300,000,000	51	100	154	100	4,948,808,910	50	우리은행	예치계약	2,491,690,905	우리은행(서여의도 금융센터)	02-783-6655(512)
[폐업]감동웨딩주식회사	이 *  * 	인천-2011-제3호	20111014	1201110581993	121-86-11680	인천광역시 남동구 논현로 42	상동	032-434-0511	kdw*****@naver.com	폐업	20110926	20190225	알뜰웨딩	240만원(30,000만원*80회),스튜디오,드레스,메이크업,웨딩카 지원	감동웨딩	300만원(30,000만원*100회) 스튜디오,드레스,메이크업,웨딩카 지원	명품웨딩	400만원(40,000만원*100회) 고급(스튜디오,드레스,메이크업), 리무진 웨딩카 지원	127,464,990	33,124,182	160,589,172	189,894,186	0	189,894,186	-29,305,014	300,000,000	72	100	118	100	64,860,000	51	국민은행	예치계약	33,210,000		
[직권말소](주)해오름상조	박 *  * 	부산-2011-38호	20111013	1801110205004	601-81-29060	부산 부산진구 양정동 370-4 대원플러스빌 201	부산 부산진구 양정동 370-4 대원플러스빌 201	1588-4352	sun**********@daum.net	폐업		20130515							0	0	0	0	0	0	0	300,000,000		100		100	0	0	신한은행	예치계약	0		
[폐업](주)대원상조	박 *  * 	경남-2011-제23호	20110808	1911110050943	613-81-59999	경남 진주시 본성동 15-3번지 2층	경남 진주시 본성동 15-3번지 2층	055-755-4647	dwo******@daum.net	폐업		20130615							0	0	0	0	0	0	0	360,000,000		100		100	0	0	우리은행	예치계약	0		
[등록취소]㈜참다예	김 *  * 	전북2013-제1호	20110801	1101114650473	109-86-30159	전라북도 전주시 완산구 현무3길 91	전라북도 전주시 완산구 현무3길 91	1600-8482	kms****@hanmail.net	등록취소	20130701		396만(장례,웨딩,크루즈)	396만원(월3만원*132회), 수의(대마, 기계직, 중국산), 관(오동나무), 리무진 및 버스 각1대(관내무료, 왕복 400km)	380만(장례,웨딩,크루즈	480만원(월4만원*120회), 수의(대마, 고급 기계직, 중국산), 관(오동나무), 리무진 및 버스 각1대(전국무료)	600만(장례,웨딩,크루즈	600만원(월5만원*120회), 수의(대마, 최고급 수제직, 중국산), 관(향나무), 리무진 및 버스 각1대(전국무료)	241,758,707	2,455,066,146	2,696,824,853	245,153,654	6,151,019,533	6,396,173,187	-3,699,348,334	1,500,000,000	40	100	237	100	2,593,606,100	43	우리은행	예치계약	1,125,047,275		
[등록취소]한국두레(주)	여 *  * 	서울-2011-제109호	20110726	1101112481698	000-00-00000	강남구 언주로 431, 5층 (역삼동)	강남구 언주로 431, 5층 (역삼동)	02-555-4475		등록취소									0	0	0	0	0	0	0	300,000,000		100		100	0	0	우리은행	예치계약	0		
[폐업](주)미래상조	박 *  * 	경남 2011-제17호	20110314	1901110063434	608-81-66348	경남 창원시 마산합포구 창동 3-1 창동 o/p 4층	경남 창원시 마산합포구 창동 3-1 창동 o/p 4층	1588-2012	mir******@hanmail.net	폐업		20131027	일반형	300(3x100) 수의(대마고급수의), 관(오동나무(고급)), 리무진(왕복200km)	일반형	480(4x120) 수의(명품수의), 관(은행1.5치 최고급), 리무진(왕복300km)	일반형	600(5x120) 수의(명품수의특상), 관(향나무1.5치), 리무진(전국무료)	45,275,001	868,801,308	914,076,309	2,008,712,906	545,000,000	2,553,712,906	-1,639,636,597	300,000,000		100	279	100	2,522,760,000	40	한국상조공제조합	공제계약	1,009,104,000		
[등록취소]정토복지개발(주)	안 *  * 	부산-2011-30호	20110316	1801110685446	000-00-00000	부산 부산진구 전포동 654-4 에이동 205호	부산 부산진구 전포동 654-4 에이동 205호	051-808-4115	jeo********@naver.com	등록취소									0	0	0	0	0	0	0	300,000,000		100		100	1,635,000	20	우리은행	예치계약	327,000		
[등록취소]삼성상조이행보증(주)	이 *  * 	강원-5호	20110325	1411110026506	226-81-33418	강원 강릉시 옥천동 329-8	강원 강릉시 옥천동 329-8	1544-7304	lee******@hanmail.net	등록취소									0	0	0	0	0	0	0	300,000,000		100		100	11,571,800	33	신한은행	예치계약	3,817,480		
[등록취소]장수모아종합상조(주)	이 *  * 	전북-제2010-2호	20100930	2101110069065	418-81-31815	전북 전주시 덕진구 백제대로 805, 7층(우아동3가, 태평양빌딩)	상동	063-282-1144	jh6***@hanmail.net	등록취소	20100327		골드형	30,000원*120회(360만원) 수의(대마,중국),관(오동나무관,중국),리무진,전국무료	VIP형	40,000원*120회(480만원) 수의(대마,중국),관(솔송관,중국),리무진,장의버스 전국무료	MVP형	50,000원*144회(720만원) 수의(대마,중국),관(향나무관,중국),리무진,장의버스 전국무료	473,045,797	21,513,672	494,559,469	402,386,538	0	402,386,538	92,172,931	300,000,000	128	100	81	100	327,262,000	23	우리은행	예치계약	74,538,000	우리은행(전주송천동지점)	063-276-7143
[등록취소]해동청상조(주)	신 *  * 	경기-2011-16호	20110608	1358110116555	124-86-34396	경기 수원시 장안구 정자동 82-16 창신 B/D 402호	경기 수원시 장안구 정자동 82-16 창신 B/D 402호	031-244-1141	sby***@naver.com	등록취소			해동청 1호	390만원(3만*130) 수의(대마,국내산) 관(오동나무,중국산) 리무진200km내, 조화 등					0	0	0	0	0	0	0	300,000,000		100		100	0	0	국민은행	예치계약	0		
보람상조플러스(주)[구, 국방상조회(주), 케이비국방플러스(주), (주)지음파트너스/(주)제이아이제이라이프]	오 *  * 	서울-2017-제159호	20110607	1601110221161	314-81-88618	서울특별시 중구 세종대로 73	서울특별시 중구 세종대로 73	1588-7979	bor******@boram.com	정상영업	20070319		여성탁구580	490만원(25,000원*196회), 오동나무관, 특 명품수의, 트래버스 리무진 사용(왕복200km무료), 행사복지사 1명, 의전관리사(3명 / 24시간), 디지털 앨범 제작, 고인 이송 전용 차량 전국서비스[요약]					183,980,408	521,639,235	705,619,643	315,068,961	2,013,577,140	2,328,646,101	-1,623,026,458	1,500,000,000	-80	100	330	100	921,588,000	50	한국상조공제조합	공제계약	460,794,000	한국상조공제조합	1688-0972
[등록말소](주)코리아라이프[구,㈜좋은세상의전클럽, ㈜그린복지][농촌사랑(주)로의 피흡수합병]	김 *  * 	경기(2)-2011-제04호	20130624	2801110086065	127-86-08941	경기도 고양시 덕양구 중앙로601번길 98	경기도 고양시 덕양구 중앙로601번길 98	1644-0142	yjh****@naver.com	폐업	20080225	20180424	프리미엄형	450만원(월3만원X150회) 장례전문도우미 6인x8시간, 리무진1 버스 왕복 500km 등	고급형	396만원(월3.3만원X120회) 장례전문도우미 4인x8시간, 리무진1 버스 왕복 300km 등	일반형	297만원(월19,800원X150회) 장례전문도우미 3인x8시간, 리무진 버스 중 선택 왕복200km 등	620,637,022	22,126,006	642,763,028	639,265,275	8,281,939	647,547,214	-4,784,186	300,000,000	99	100	101	100	938,625,100	52	신한은행	예치계약	484,717,600	신한은행(상도역지점)	02-824-8254
엘비라이프(주)	신 *  * 	서울-2011-제107호	20110615	1101114570746	211-88-58191	서울특별시 강남구 강남대로 574	서울특별시 강남구 강남대로 574	1688-7676	elb******@naver.com	정상영업	20110701		e240상품	240만원(40,000원*60회), 크루즈 선실비용, 크루즈내 식사 및 부대시설비용, 왕복항공료, 기항지 관광비용 등	e480상품	480만원(40,000원*120회), 수의(대마,중국산), 관(오동나무,중국산), 리무진 및 버스(전국 무료) 등			13,421,166,321	12,813,293,282	26,234,459,603	215,779,665	37,210,663,407	37,426,443,072	-11,191,983,469	3,000,000,000	69	100	143	100	37,263,107,690	50	상조보증공제조합/상조보증공제조합	공제계약(여행상품)/공제계약(상조상품)	74225000/18557328845	상조보증공제조합	1688-1226
[등록취소](주)엠투엠피이씨 / 구.효드림라이프	박 *  * 	서울-2011-제103호	20110419	1101112865496	117-81-47243	서울시 강서구 곰달래로20길 12,702호(화곡동,한백이아파트)	서울시 강서구 곰달래로20길 12,702호(화곡동,한백이아파트)	02-477-9920	ump*******@naver.com	등록취소			HDL라이트	월2만원X120회 , 월4만원X60회	HDL로얄	월3만원X120회 , 월6만원X60회	HDL럭셔리	월4만원X120회 , 월8만원X60회	49,365,924	251,500,000	300,865,924	6,519,100	0	6,519,100	294,346,824	300,000,000		100	2	100	9,603,350	20	KEB하나은행	예치계약	1,963,700		
[등록취소]한국연합상조(주)	이 *  * 	서울-2011-제101호	20110329	2811110103743	128-86-08172	서울시 양천구 목동동로 233-1, 1621호(목동, 현대드림타워)	상 동	1588-9833	juj*****@naver.com	등록취소	20051201								0	0	0	0	0	0	0	300,000,000	100	100		100	118,035,500	9	신한은행	예치계약	10,130,279		
보람상조실로암(주)[구, 한국힐링라이프(주), 한국상조협동(주)]	오 *  * 	서울-2011-제87호	20110315	1101113540873	212-81-77208	서울특별시 중구 세종대로 73	서울특별시 중구 세종대로 73	1588-7979	bor******@boram.com	정상영업	20061016		실로암35	499만원(35,000*142회, 20,000*1회), 오동나무관, 세마포(명품수의), 기독교 용품, 고인전용 트레스 리무진 왕복 200km, 행사복지사 1명, 의전관리사 3명(24시간), 앨범 제작 등[요약]	실로암(비아젬)	699만원(35,000원*199회+25,000*1회), 오동나무관, 세마포(명품수의), 기독교 용품, 고인전용 트레스 리무진 왕복 400km, 행사복지사 1명, 의전관리사 4명(32시간), 앨범 제작 등[요약]			1,537,759,684	16,166,447,284	17,704,206,968	344,026,984	42,544,982,810	42,889,009,794	-25,184,802,826	1,527,575,000	40	100	242	100	42,313,065,510	50	한국상조공제조합	공제계약	21,156,532,755	한국상조공제조합	1688-0972
[직권말소](주)한성종합상조[농촌사랑(주)로 흡수합병]	임 *  * 	대구-2011-제18호	20110125	1701110419780	504-81-90774	대구광역시 북구 칠성남로30길 28	대구광역시 북구 칠성남로30길 28, 9층(칠성동2가)	1600-8889	ifa******@naver.com	폐업	20110125	20190208	실버형	240만원 오동나무1치(관), 본주맞춤(수의), 육수삼베(염포) 등	골드형	360만원 오동나무2치(관), 삼베(수의) 대마삼베(염포) 등	VIP형	600만원 향나무4.5cm(관), 대마자수(수의), 대마고급(염포) 등	91,764,772	438,262,440	530,027,212	10,385,100	576,518,880	586,903,980	-56,876,768	300,000,000	90	100	111	100	543,320,000	50	국민은행	예치계약	273,895,000	국민은행(당산동지점)	02-2675-7181
[폐업]연합상조보증(주)[구, 삼성연합상조보증㈜]	전 *  * 	광주-2011-제5호	20110317	2001110215511	408-81-67636	광주광역시 남구 독립로 97-1	광주광역시 남구 독립로 97-1	062-223-4002	d10****@hanmail.net	폐업	20050920	20170331	알뜰형	(2만원*120회) 입관용품, 도우미2명, 의전용품, 장의버스	고급형	(3만원*120회) 입관용품, 도우미2명, 의전용품, 장의버스, 리무진			647,904,656	39,692,367	687,597,023	666,889,035	0	666,889,035	20,707,988	300,000,000	102	100	97	100	750,460,000	50	우리은행	예치계약	375,276,000		
[등록취소](주)피아이엔	윤 *  * 	서울-2011-제78호	20110314	1101114182989	211-88-33147	서울 강남구 강남대로 128길 69(논현동)	서울 강남구 강남대로 128길 69(논현동)	02-547-2030	pin***********@nate.com	등록취소			일반형	360만원(월4만원*90회)	골드형	560만원(월6만원*90회)	프리미엄	720만원(월8만원*90회)	123,348,083	46,485,805	169,833,888	1,342,483,709	0	1,342,483,709	-1,172,649,821	300,000,000		100	790	100	437,787,000	4	우리은행	예치계약	15,749,000		
[폐업]대한공무원상조서비스㈜ [구,크리스찬종합상조]	김 *  *  *  *  *  *  * 	서울-2011-제69호	20110118	1101113146001	117-81-53027	서울특별시 양천구 중앙로 295	서울 양천구 중앙로 295, 201호 (신월동)	1670-1044	kpj****@naver.com	폐업	20110118	20170107							206,698,138	241,506,559	448,204,697	25,105,884	0	25,105,884	423,098,813	350,000,000		100	6	100	0	0	우리은행	예치계약	0		
[직권말소]대영상조 주식회사 [구, ㈜유엔평화유지군라이프개발]	오 *  * 	서울-2011-제94호	20110318	1101113615006	107-86-87694	서울특별시 구로구 디지털로27나길 10-6	서울특별시 구로구 디지털로27나길 10-6	1577-6604	seo*******@naver.com	폐업	20070201	20190308	예약형	399만(19,000*210회 중 36회 납부) 오동나무 고급관, 명품수의, 두루마기(15벌), 검정양복4벌, 치마저고리10벌 조화 25만원 지원, 버스, 리무진(200km왕복)	골드형	399만(19,000*210회) 오동나무 고급관, 명품수의, 두루마기(15벌), 검정양복4벌, 치마저고리10벌 조화 25만원 지원, 버스, 리무진(200km왕복)	로얄형	490만(19,600*250회) 오동나무 고급2단관, 특명품수의,검정양복5벌, 치마저고리(필요수량), 근저화 30만원 지원, 버스,리무진(300km 왕복)	0	0	0	0	0	0	0	300,000,000		100		100	38,244,000	50	신한은행	예치계약	19,122,000	신한은행(역삼동 금융센터)	02-3452-5460
[직권말소](주)삼성개발	한 *  * 	대구-2011-제14호	20110107	1701110235938	502-81-67530	대구광역시 동구 동대구로 432	대구광역시 동구 동대구로 432	053-745-8100	moo***@nate.com	폐업	20090101	20190315	A형	300만원(50,000원*60회)	B형	360만원(40,000원*90회)	C형	420만원(70,000원*60회)	1,270,627,330	943,715,465	2,214,342,795	302,736,196	1,392,885,694	1,695,621,890	518,720,905	300,000,000	335	100	77	100	182,323,440	46	KEB하나은행	예치계약	84,448,400	하나은행(범어지점)	053-628-1111
[폐업](주)혜민서	구 *  * 	광주-2011-제2호	20110311	2001110083653	410-81-43898	광주광역시 동구 남문로 697	광주광역시 동구 남문로 697	062-227-4000	nox***@naver.com	폐업	20110315	20170513	VIP	255만원(3만원*85회) 수의(대마), 관(오동1.5), 리무진(전국), 버스, 도우미 4명 등	슈퍼A형	240만원(2만원*120회) 수의(대마), 관(오동1.5), 리무진(관내), 버스, 도우미 4명 등	골드형	195만원(2만원*97회) 수의(대마), 관(오동1.0), 버스, 도우미 2명 등	869,522,797	4,519,473,077	5,388,995,874	3,406,356,519	100,000,000	4,406,356,519	982,639,355	300,000,000		100	82	100	133,670,000	50	국민은행	예치계약	67,277,998		
[등록취소]천지인상조(주)	정 *  * 	서울-2011-제72호	20110125	1101113268087	220-87-13089	서울 동대문구 청량리동	서울 동대문구 청량리동	1588-4899	cji******@naver.com	등록취소	20131028		라이트	260만(20,000x130회) 수의(대마, 국내산), 관(오동나무, 중국산), 리무진 100km이내 무료	프라임	390만(30,000x130회) 수의(대마, 국내산), 관(오동나무, 중국산), 리무진 100km이내 무료	프리미엄	520만(40,000x130회) 수의(대마, 국내산), 관(오동나무, 중국산), 리무진 150km이내 무료	127,701,069	67,464,546	195,165,615	1,073,778,905	0	1,073,778,905	-878,613,290	300,000,000		100	550	100	560,420,000	19	신한은행	예치계약	108,229,122		
[등록취소](주)하늘징검다리	김 *  * 	서울-2010-제35호	20101020	1101113016098	206-81-90981	서울시 광진구 아차산로 445, 3층(구의동)	서울시 광진구 아차산로 445, 3층(구의동)	02-456-4743	han*******@hanmail.net	등록취소			골드	360만원 (월3만원 * 120회) 수의(대마,중국산) 관(오동나무,중국산) 리무진(거리제한 없음)	다이아	480만원 (월4만8천원 * 100회) 수의(대마,중국산) 관(오동나무,중국산) 리무진(거리제한 없음)	vip	600만원 (월6만원 * 100회) 수의(대마,국내산) 관(오동나무,중국산) 리무진(거리제한 없음)	430,486,936	268,495,557	698,982,493	340,135,568	2,400,000	342,535,568	356,446,925	300,000,000		100	49	100	1,951,705,002	4	KEB하나은행	예치계약	86,058,080		
[폐업]현대드림라이프상조(주)	김 *  * 	전북-제2011-제2호	20110317	2101110069685	418-81-32089	전라북도 전주시 덕진구 우아4길 20	전라북도 전주시 덕진구 우아4길 20	1588-4464	kjh******@naver.com	폐업	20100416	20190107	180상품	180만(15,000원*120회) 수의(대마,중국산) 관(오동나무,중국산)	276상품	276만(23,000원*120회) 수의(대마,중국산) 관(오동나무,중국산), 버스(관내 무료제공)	384상품	384만(32,000운*120회) 수의(대마,중국산) 관(오동나무,중국산) 버스,리무진(관내무료제공)	464,192,834	43,904,105	508,096,939	50,359,678	341,949,763	392,309,441	115,787,498	300,000,000	136	100	77	100	6,620,000	58	신한은행	예치계약	3,867,894	신한은행(전주 호성동지점)	063-247-8558
더리본(주)[구. 케이엔엔라이프(주)]	박 *  * 	부산-2010-05호	20101026	1801110657891	605-81-92018	부산광역시 부산진구 자유평화로 11	부산광역시 부산진구 자유평화로 11	02-3447-3651	reb***@the-reborn.co.kr	정상영업	20090113		라이프 480	480만원 수의(대마95%, 아마 및 저마5% 혼용/기계직, 중국산), 특관(오동나무, 중국/캐나다산), 리무진(왕복200km이내) 등	리빙플러스 싱글	555만원 전자제품 + 수의(대마95%, 아마 및 저마5% 혼용/기계직, 중국산), 관(오동나무, 중국/캐나다산), 리무진(전국무료) 등	리빙플러스 더블(2구좌)	1,110만원 전자제품 + 수의(대마95%, 아마 및 저마5% 혼용/기계직, 중국산), 관(오동나무, 중국/캐나다산), 리무진(전국무료) 등	76,617,502,257	175,718,341,439	252,335,843,696	17,179,672,012	339,640,434,681	356,820,106,693	-104,484,262,997	2,000,000,000	68	100	141	100	340,919,559,550	50	한국상조공제조합	공제계약	170,459,779,775	한국상조공제조합	1688-0972
(주)경우라이프[구,(주)경우상조]	김 *  * 	서울 2011-제66호	20110105	1101114238021	201-86-13591	서울특별시 송파구 중대로 130	서울특별시 송파구 중대로 130	1588-4314	adm**@kwlife.co.kr	정상영업	20091209		무궁화7호	420만원(월20,000원x210회, 30,000dnjs*140회) 장례[도우미 4명, 수의(황금자수,대마,저마), 관(오동나무), 제단(헌화꽃 30송이), 봉안함, 상복(남5벌, 여7벌), 리무진/버스(왕복 200km)], 웨딩, 크루즈, 수연(칠순, 팔순) 전환가능	무궁화스페셜(p-1)	462만원(월17,500원x264회) 장례[도우미 4명, 수의(황금자수,대마,저마), 관(오동나무), 제단(20만원), 일회용품(200인분), 봉안함, 상복(남6벌, 여710), 리무진/버스(왕복 400km)], 웨딩, 크루즈, 수연(칠순, 팔순) 전환가능	다이렉트 420	420만원(월20,000원x210회, 30,000원*140회) 장례[도우미 4명, 수의(황금자수,대마,저마), 관(오동나무), 제단(꽃장식20만원), 봉안함, 상복(남5벌, 여7벌), 리무진/버스(왕복 300km)], 웨딩, 크루즈, 수연(칠순, 팔순) 전환가능	2,994,997,222	68,817,281,713	71,812,278,935	297,590,570	73,641,576,220	73,939,166,790	-2,126,887,855	1,500,000,000	97	100	103	100	75,269,363,430	50	국민은행	예치계약	37,966,656,709	국민은행 양재남지점	1588-9999
[등록취소]삼성종합상조(주)	서 *  * 	울산-2012-제9호	20101007	2301110113975	610-81-79152	울산시 남구 월평로 159번길 20	울산시 남구 월평로 159번길 20	052-265-9444	phd****@empal.com	등록취소	20051019		제주여행 387만원	일시불, 4인 2박 3일 제주 마라도,우도 일주	V.I.P형 498만원	41,500원 × 120회,수의(남해표 대마,국산),관(적송),리무진300km무료	골드형 387만원	30,000원 × 129회,수의(대마100%,중국산),관(오동),리무진200km무료	8,220,502	137,288,754	145,509,256	25,622,566	1,120,810,000	1,146,432,566	-1,000,923,310	300,000,000	-517	100	788	100	130,191,000	50	우리은행	예치계약	65,095,500		
[등록취소](주)노블리아라이프	강 *  * 	서울-2013-제132호(등록취소됨 13.9.9)	20101231	1801110438184	605-81-58650	서울 용산구 청파로61길 5, 304호(청파동1가,제일빌딩)	서울 용산구 청파로61길 5, 304호(청파동1가,제일빌딩)	051-966-4000	ren*****@hanmail.net	등록취소			280	280만원(월2만원X140회) 관(오동나무), 수의-중국산원재료, 국내생산, 리무진 또는 장의버스 왕복 200km 지원	350	350만원(월2.5만원X140회) 관(오동나무), 수의-중국산원재료, 국내생산, 리무진 및 장의버스 왕복 200km 지원	420	420만원(월3만원X140회) 관(오동나무), 수의-중국산원재료, 국내생산, 리무진 및 장의버스 왕복 400km 지원	2,956,259,286	6,145,124,479	9,101,383,765	2,520,335,240	12,124,570,150	14,644,905,390	-5,543,521,625	300,000,000		100	161	100	11,114,398,000	0	한국상조공제조합	공제계약해지됨	0		
[폐업]효사랑복지재단(주)	채 *  * 	서울-2011-제79호(휴업중13.9.7~14.9.6)	20110314	1101113538430	108-81-76934	서울시 영등포구 여의대방로65길20, (여의도동, 호성신관501호)	서울시 영등포구 여의대방로65길20, (여의도동, 호성신관501호)	1600-4569	mh4****@naver.com	폐업	20061012	20131222			260만원	월40,000*60회,수의(저마,중국산),관(오동나무,중국산),왕복200km(리무진,버스 중 택일) 등	390만원	월30,000*130회,수의(대마,중국산),관(오동나무,중국산),리무진왕복300km,버스왕복300km 등	8,792,944	1,013,988	9,806,932	24,676,456	90,928,528	115,604,984	-105,798,052	300,000,000		100	1179	100	0	0			0		
㈜불국토	변 *  * 	서울-2011-제68호	20110113	1101112733990	119-81-63948	서울특별시 서초구 남부순환로 2265	서울특별시 서초구 남부순환로 2265	02-3270-3377	han****@btn.co.kr	정상영업	20070501		불국토450	450만원(3만원*150회), 수의(대마, 국내산), 관(오동나무, 국내산), 버스(왕복200km 이내 제공) 등	예섬396	396만원(3만원*132회), 수의(대마, 국내산), 관(오동나무, 국내산), 버스(왕복200km 이내 제공) 등	열반300	300만원(2만*150회), 관(오동나무, 국내산), 버스(왕복200km 이내 제공) 등	4,836,645,454	21,966,719,841	26,803,365,295	115,221,652	26,464,018,202	26,579,239,854	224,125,441	2,000,000,000	100	100	99	100	26,577,578,567	54	국민은행	예치계약	14,412,175,177	국민은행 방배남 지점	02-521-9143
크리스찬상조(주)	김 *  * 	서울-2010-제58호	20101130	1101113860049	120-87-25612	서울시 강남구 선릉로 115길 3 (논현동 268-2 1층)	서울시 강남구 선릉로 115길 3 (논현동 268-2 1층)	1644-4491	cg4***@naver.com	정상영업	20060701		프리미엄(450)상품	450만원(30,000원X150회) 인력서비스(장례지도사2명, 도우미4명), 수의(대마), 관(오동나무), 제단(생화1단, 꽃바구니2개, 헌화 50송이), 상복(직계가족 무제한), 엠블런스(관내무료), 장의차량(리무진, 장의버스 전국무료), 기타 입관 및 발인용품					4,185,148,521	24,461,102,151	28,646,250,672	61,955,873	34,698,458,350	34,760,414,223	-6,114,163,551	1,500,000,000	82	100	121	100	34,267,139,850	50	한국상조공제조합	공제계약	17,133,569,925	한국상조공제조합	1688-0972
[직권말소](주)진달래상조	채 *  * 	경기-2011-제17호	20110906	1101114424216	215-87-44616	경기도 부천시 송내대로73번길 46	경기도 부천시 송내대로73번길 46	1661-4441	jdr******@hanmail.net	폐업	20100831	20190125	실속형	280만원 (28,000원 x 100회) 수의(대마,국내산) 관(오동나무,국내산) 장의버스(왕복200km이내무료) 등	고급형	396만원 (33,000원 x 100회) 수의(대마,국내산) 관(오동나무,국내산) 장의버스+리무진(왕복300km이내무료) 등	명품형	690만원 (66,000원 x 100회) 수의(대마,국내산) 관(오동나무,국내산) 장의버스+리무진(전국무료) 등	239,140,000	0	239,140,000	91,912,000	0	91,912,000	147,228,000	300,000,000	219	100	38	100	121,092,000	46	우리은행	예치계약	56,095,250	우리은행(상동지점)	032-322-0016
[폐업](주)바름상조	강 *  * 	서울-2011-제99호	20110324	1101113959694	107-87-12526	서울특별시 서초구 강남대로 455	서울특별시 서초구 강남대로 455	02-784-1050	bar*****@nate.com	폐업	20080826	20171201	실버형	330만원(33,000원x100회) 수의(마100&#37;), 관(오동나무, 4.5cm), 현대식/전통식 남여상복, 향로 등, 장례지도사 2명, 가례복지사 3명(1일 8시간), 장의전용버스 또는 고급리무진 중 선택, 제단장식 1단 / 헌화30송이	고급형	396만원(39,600원x100회) 수의(왕실/황국수의), 관(오동나무 4.5cm), 현대식전통식 남여상복, 향로 등, 장례지도사 2명, 가례복지사 5명(1일 8시간), 선도차 또는 리무진 버스 (왕복20km), 제단장식 2단	플래티늄	480만원(48,000원x100회) 수의(바름황실,황궁수의),관(오동2단 고급관 약3.5cm), 현대식/전통식 남여상복, 향로 등, 장례지도사 2명, 가례복지사 6명(1일 8시간), 고급장의 리무진, 장의 전용버스(전지역 무료제공), 제단장식3단, 헌화50송이, 바구니1조(바구니2개), 고급 진공유골함	168,355,100	447,494,764	615,849,864	2,109,286,347	45,752,618	2,115,038,965	-1,499,189,101	300,000,000	27	100	343	100	2,108,431,810	50	상조보증공제조합	공제계약	1,054,215,905	상조보증공제조합	1600-1226
[폐업]부경상조(주)	정 *  * 	부산-2011-제29호	20110316	1801110520832	603-81-59385	부산시 중구 부평동4가  14-1	상 동	051-254-7244	ros******@nate.com	폐업	20051020	20180330	일반형	240만원(3만원*80회,2만원*120회) 오동관(1.5치 평관)저마수의(기계직)등	골드형	300만원(5만원*60회,3만원*100회)오동관)1.5치 2단특상)대마수의 (기계직)등 리무진(관내)	프리미엄	360만원(4만원*90회,3만원*120회)오동관)1.5치 2단특상)대마수의 (기계직)등 리무진(관내)	479,706,202	68,515,726	548,221,928	4,153,013	281,568,020	285,721,033	262,500,895	300,000,000	239	100	52	100	200,802,000	51	우리은행	예치계약	101,901,800		
[등록취소](유)나누리상조회사	정 *  *  *  *  *  * 	제2011-1호	20110311	2101140055860	418-81-19941	전북 전주시 덕진구 인후동1가  913-1	전북 전주시 덕진구 인후동1가  913-1	1688-2072	chl**********@hanmail.net	등록취소			프리미형	350(월5만원*70회),수의(대마,중국산),관(오동나무,중국산),장의버스,리무진(무제한)	골드형	266(월3만8천원*70회),수의(대마,중국산),관(오동나무,중국산),장의버스,리무진 택 1(무제한)	골드형	255(월3만원*85회),수의(대마,중국산),관(오동나무,중국산),장의버스,리무진 택1 (무제한)	327,003,650	6,000,000	333,003,650	23,201,600	0	23,201,600	309,802,050	310,000,000		100	7	100	45,490,000	30	우리은행	예치계약	13,647,500		
[폐업](주)무궁화상조이벤트	박 *  * 	대전-선불식할부거래법-12	20110315	1601110220741	314-81-88302	대전 서구 월평동	대전 서구 월평동	042-471-1110		폐업		20131115	일  반  형	280만원 (월 4만원 x 70회)	골  드  형	350만원 (월 5만원 x 70회)	프 리 미 엄	480만원 (월 6만원 x 80회)	182,046,122	59,523,532	241,569,654	766,050,939	21,781,785	787,832,724	-546,263,070	300,000,000		100	326	100	1,516,340,000	1	신한은행	예치계약	14,353,000		
[폐업](주)대흥기업	최 *  * 	대전-선불식 할부거래업-20	20110328	1601110069735	305-81-29745	대전 중구 대흥동  240-31	대전 중구 대흥동  240-31	042-255-1757		폐업		20130930	다시래기 표준	360만원(3만*120회)수의(아마,저마,인견), 관,상주용품,의전용품일체	다시래기 실버	420만원(3만*140회)수의(대마100%), 관,상주용품,의전용품일체	다시래기 골드	480만원(4만*120회)수의(대마100%), 관,상주용품,의전용품일체	295,375,764	286,885,066	582,260,830	178,478,642	0	178,478,642	403,782,188	300,000,000		100	31	100	156,270,000	4	우리은행	예치계약	6,037,000		
[폐업]김천장례식장및김천상조토탈(주)	신 *  * 	경북-2011-제9호	20110329	1713110021332	510-81-26016	경북 김천시 남면 초곡리 790	경북 김천시 남면 초곡리 790	054-435-4321	rip**@naver.com	폐업		20140402	화장	180만원(월3만원x60회) 수의(인견,중국산) 관(오동나무,중국산) 장의차(10만원 보조)등	매장1	240만원(월4만원x60회) 수의(대마,중국산) 관(오동나무,중국산) 장의차(15만원 보조)등	매장2	300만원(월5만원x60회) 수의(명주,중국산) 관(향나무,중국산) 리무진(15km무료제공)등	366,440,601	0	366,440,601	33,079,000	0	33,079,000	333,361,601	300,000,000		100	9	100	0	0	신한은행	예치계약	0		
[직권말소]미래상조119(주)[구.(주)아비스상조]	최 *  * 	전남-2017-제1호	20130418	1701110362236	502-81-98033	전라남도 해남군 해남읍 북부순환로 254	전라남도 해남군 해남읍 북부순환로 254	1661-8119	lov*******@daum.net	폐업	20081015	20190102	360상품	360만원(월3만원×120회) 수의(대마,국내제조) 관(오동나무,국내제조) 리무진,버스(200km제공)	540상품	540만원(월4.5만원×120회) 수의(대마,국내제조) 관(오동나무,국내제조) 리무진,버스(300km제공)	720상품	720만원(월6만원×120회) 수의(대마황실,국내제조) 관(오동나무,국내제조) 리무진,버스(400km제공)	338,649,233	148,923,196	487,572,429	348,188,530	158,153,400	506,341,930	-18,769,501	300,000,000		100	104	100	0	0	우리은행	예치계약	0	우리은행(노원동지점)	053-351-6283
[등록말소]대전상조㈜	손 *  * 	대전-2010-제1호	20100930	1601110163652	305-81-65644	대전광역시 서구 둔산서로 15	상 동	1577-4007	cha*****@naver.com	폐업	20031015	20160817	360만상품	360만원(3만원*120회) 수의(대마/명주, 국내산), 관(오동나무, 중국산), 리무진(관내제공, 추가시 1km 1,800원~2,200원 발생)	540만상품	540만원(4만5천*120회) 수의(대마or명주,국내산),관(오동나무,중국),리무진(전국무료제공)등			3,313,284,223	2,985,878,127	6,299,162,350	118,381,787	6,079,128,985	6,197,510,772	101,651,578	300,000,000	102	100	98	100	6,385,055,600	50	상조보증공제조합	공제계약	3,192,527,800		
[직권말소]오수산업(주)	박 *  * 	인천-2011-제1호 (직권말소됨2013.1.16)	20110712	1201110194150	000-00-00000	인천 남동구 고잔동 731-12 남동공단 160BL 13LT	인천 남동구 고잔동 731-12 남동공단 160BL 13LT	032-818-8384	h12***@hanmail.net	폐업		20130116							0	0	0	0	0	0	0	1,200,000,000		100		100	0	0	우리은행	예치계약	0		
[직권말소]아만상조(주)	김 *  * 	서울-2011-제104호	20110427	1101113651274	215-87-13113	서울 송파구 가락동	서울 송파구 가락동	1588-0590	158*****@hanmail.net	폐업	20070829	20180927	아만골드	30,000*130=3,900,000 장레용품일절제공 및 리무진 1구간, 버스(45인승)전국무제한					15,000,000	20,000,000	35,000,000	0	0	0	35,000,000	300,000,000	127	100	0	100	131,728,475	30	신한은행	예치계약	39,430,867	신한은행(오금동지점)	02-4027586
[폐업](주)효다함	김 *  * 	서울-2012-제116호	20110321	1942110098427	609-81-87730	서울 서초구 동작대로 68, 5층(방배동, 신진빌딩)		1644-4060		폐업		20140404							1,011,899,347	5,049,500	1,016,948,847	974,491,361	0	974,499,911	42,448,936	300,000,000		100	96	100	0	0	신한은행	예치계약	0		
[폐업]제일종합상조(주)	임 *  * 	경기-2011-03호	20110126	1101113904029	113-86-21998	경기 부천시 소사구 송내동 780-2 가원빌딩 5층	경기 부천시 소사구 송내동 780-2 가원빌딩 5층	1544-0072	mai*@cheilsangjo.com	폐업		20130220							0	0	0	0	0	0	0	1,000,000,000		100		100	0	0	신한은행	예치계약	0		
[직권말소]미래상조119(주)	서 *  * 	대구-2012-제31호	20110326	1714110011480	511-81-13907	대구광역시 수성구 신천동로 414	상 동	070-4040-5895	imj****@hanmail.net	폐업	20060303	20190319							7,574,008	20,000,000	27,574,008	214,725,187	0	214,725,187	-187,151,179	300,000,000	125	100	779	100	0	0	신한은행	예치계약	0		
[등록취소]패밀리라이프(주)	김 *  * 	서울-2012-제114호	20110207	1358110163534	124-86-77003	서울 강북구 덕릉로 115번지, 4층(번동,승진빌딩)	서울 강북구 덕릉로 115, 4층(번동,승진빌딩)	1577-0038	fam********@naver.com	등록취소	20090220			현재상조상품 판매하지 않음					106,630,754	55,752,770	162,383,524	863,080,172	0	863,050,172	-700,666,648	500,000,000	100	100	531	100	540,707,600	0	우리은행	예치계약	0		
[등록취소](주)대동상조이벤트	김 *  * 	경기-2011-09호	20130419	1313110098355	125-81-88527	경기 용인시 처인구 금령로 75 (김량장동, 4층)	상 동	031-322-2523	brj********@hanmail.net	등록취소	20100515		360상품	인적서비스, 차량서비스, 관수의 포함한 장의용품	396만원	인적서비스, 차량서비스, 관수의 포함한 장의용품	594만원	인적서비스, 차량서비스, 관수의 포함한 장의용품	291,578,493	31,133,856	322,712,349	430,282,432	50,000,000	480,282,432	-157,570,083	300,000,000	44	100	149	100	283,190,000	25	신한은행	예치계약	70,744,626	신한은행(용인, 안중, 광주지점)	031-336-2031
(주)금호라이프[구.(주)금호상조]	기 *  *  *  *  *  *  * 	광주-2010-제4호	20101130	2001110218242	409-81-88629	광주광역시 북구 제봉로 301	광주광역시 북구 제봉로 301	1566-4428	hin******@naver.com	정상영업	20051214		일반형	320만원 (20,000*160회) 수의(저마, 제조-한국, 원사-중국산), 관(오동나무, 중국산), 리무진, 장의버스 중 택일 (왕복200km이내 무료제공) 등	고급형	390만원 (25,000*156회) 수의(대마, 제조-한국, 원사-중국산), 관(오동나무, 중국산), 장의버스, 리무진(왕복200km이내 무료제공)등	VIP형	480만원 (30,000*160회) 수의(대마, 제조-한국, 원사-중국산), 관(오동나무, 중국산), 장의버스(왕복400km이내 무료제공), 크루즈 등	5,229,691,303	33,570,651,707	38,800,343,010	596,245,044	38,253,775,100	38,850,020,144	-49,677,134	1,500,000,000	99	100	100	100	38,699,394,661	50	상조보증공제조합	공제계약	19,349,697,331	상조보증공제조합	1600-1226
[직권말소]클로버상조(주)	최 *  * 	서울-2015-제149호	20150324	1414110008590	225-81-22029	서울특별시 강남구 도산대로 312	상 동	1577-4478	adm**@cloverlife.co.kr	폐업	20110513	20190308	유비무환	600만원(50,000원*120회), 궁중수의, 솔송나무규격관, 꽃장식, 버스, 리무진, 의전매니저, 상가도우미8명, 기타용품	유비무환life	490만원(35,000원*140회), 궁중수의, 오동나무규격관, 꽃장식, 버스, 리무진, 의전매니저, 상가도우미5명, 기타용품	더블유	396만원(35,000*120회), 크루즈(아시아), 크루지(지중해), 웨딩 중 택일	382,643,488	93,510,476	476,153,964	1,115,319,618	0	1,115,319,618	-639,165,654	300,000,000	382	100	234	100	144,794,000	51	신한은행	예치계약	74,547,399		
[직권말소]㈜예스라이프[구,㈜예드림,대한장례인연합회상조]	김 *  * 	서울-2015-제152호	20101008	1942110094524	609-81-84830	서울특별시 마포구 월드컵북로 30	서울특별시 마포구 월드컵북로 30	1544-9035	kjs******@naver.com	폐업	20080922	20190308	장례426	426만원(3만원*142회) 관(오동), 수의(대마,중국산), 버스/리무진(300km 무료), 전문 의전지도사(1인3일), 의전도우미(7명, 1인 10시간 기준)	웨딩426	426만원(3만원*142회) 예복(리허설, 본식), 스튜디오, 메이크업(신랑,신부, 양가 어머님2분), 부캐 헬퍼비(리허설, 본식) 등			12,464,881	207,567,281	220,032,162	219,880,904	726,495,711	946,376,615	-726,344,453	350,000,000	-70	100	430	100	535,937,000	39	우리은행	예치계약	209,984,500		
[직권말소](주)하나로라이프[(주)하나로라이프(서울-2019-제165호)로 흡수합병]	정 *  * 	서울-2018-161호	20120323	1211110217620	130-86-60074	서울특별시 영등포구 경인로71길 70	서울특별시 영등포구 경인로71길 70	1899-4171	jdy****@nate.com	폐업	20110513	20190411	프리미엄360	360만원(월3만*120), 수의(대마100%/국내산),관(오동나무관/화장규격관), 리무진/버스 200km 등	골드480	480만원(월4만*120), 수의(대마100%/국내산),관(오동나무관/화장규격관), 리무진/버스 400km 등	VIP 780	780만원(월6.5만*120), 수의(대마100%/국내산),관(오동나무관/화장규격관), 리무진/버스 전국무료 등	7,032,141	155,552,764	162,584,905	204,453,477	272,962,580	477,416,057	-314,831,152	300,000,000	-16	100	294	100	244,165,000	50	KEB하나은행	예치계약	122,082,500	KEB하나은행(부천중앙지점)	032-653-1111
[폐업](주)강릉장례식장	김 *  * 	강원-06호	20110330	1411110018917	226-81-27838	강원도 강릉시 안현동 795번지	상 동	033-644-4440	sud*******@naver.com	폐업	20050101	20140413							0	0	0	0	0	0	0	500,000,000		100		100	50,542,000	43	신한은행	예치계약	21,802,056	신한은행(속초지점)	1577-8000
[폐업]드림라이프(주)[구.전국상조통합서비스(주)]	전 *  * 	서울-2011-제108호	20101125	1601110242696	305-81-93077	서울특별시 중구 무교로 15	서울특별시 중구 무교로 15	1600-4053	dre******@dlif.co.kr	폐업	20080528	20200304	240	240만원(2만원*120회) 수의(대마,중국산), 관(오동나무), 리무진(200km이내 무료제공) 등	360	360만원(3만원*120회) 수의(대마,중국산), 관(오동나무), 리무진(300km이내 무료제공) 등			2,421,104	323,936,618	326,357,722	17,438,220	676,592,866	694,031,086	-367,673,364	1,820,000,000	44	100	213	100	1,400,856,600	43	우리은행/신한은행/한국상조공제조합	예치계약/예치계약/공제계약	293793618/133862205/179704200		
㈜다온플랜	김 *  * 	경기-2011-제15호	20110527	1311110278597	129-86-58694	경기도 성남시 분당구 불정로 90	경기도 성남시 분당구 불정로 90	1577-1555	ktt***@kt.com	정상영업	20110401		다온1-13호	300만원(30,000*100회) 장례지도사 1명, 장례복지사 5명(8시간), 관(오동나무), 수의, 리무진(왕복 200km), 버스(왕복300km) 등	다온2호	360만원(30,000*120회) 장례지도사 1명, 장례복지사 7명(8시간), 관(오동나무), 자수수의, 리무진(전국무료), 버스(전국무료) 등	다온3호	480만원(30,000*160회) 장례지도사 1명, 장례복지사 10명(8시간), 관(오동나무), rmawkd수의, 리무진(전국무료), 버스(전국무료) 등	39,476,751,525	32,629,241,942	72,105,993,467	64,505,730,918	49,024,650	64,554,755,568	7,551,237,899	1,500,000,000	111	100	90	100	64,753,125,000	50	국민은행	예치계약	32,376,562,500	국민은행 분당백궁지점	031-530-8599
[폐업](주)경남상조	김 *  *  *  *  *  *  * 	경남 2011-제01호	20101008	1942110095275	609-81-85464	창원시 의창구 북면 천주로 1150번길 15-11 금산상가 3층 302호	상 동	055-298-4414	ppo******@hanmail.net	폐업	20081105	20160126	도지사	360만원(3만원x120회) 관(오동,중국산), 수의(저마100%,중국산), 도우미 시간당 8,000	장관	480만원(4만원x120회)  관(오동,중국산), 수의(대마100%,중국산), 장의버스 일부제공, 초과시 상가부담	국무총리	600만원(5만원x120회)  관(소나무,중국산), 수의(남해포형,중국산), 기타 입관용품 일체제공	563,277,982	230,732,500	794,010,482	492,872,020	0	492,872,020	301,138,462	300,000,000	161	100	62	100	473,070,000	50	우리은행	예치계약	236,535,000		
(주)효원상조	이 *  * 	서울-2010-제28호	20101012	1342110067226	126-81-81624	서울특별시 강동구 풍성로38길 9	서울특별시 강동구 풍성로38길 9	02-475-7444	hyo*******@naver.com	정상영업	20040923		해피효원560[기업단체]	490만원(17500원 x 280회), 수의(저마, 중국산), 관(오동나무, 중국산), 리무진(200km이내 무료제공), 장의버스(전국무료제공) 등					21,780,329,067	93,029,014,352	114,809,343,419	828,116,737	128,397,621,625	129,225,738,362	-14,416,394,943	1,500,000,000	88	100	113	100	128,182,838,110	50	상조보증공제조합	공제계약	64,091,419,055	상조보증공제조합	1600-1226
제주일출상조㈜	정 *  * 	제주-2010-제1호	20110601	2201110076860	616-81-79067	제주특별자치도 제주시 남광로 65	제주특별자치도 제주시 남광로 65	1588-9334	ill*********@naver.com	정상영업	20110601		고급형	420만원(3만원*140회/6만원*135회) 수의(대마,중국산) 관(오동나무,중국산), 장의버스(제주전지역), 리무진 등	골드형	520만원(4만원*130회/8만원*125회) 수의(명주,중국산) 관(솔송,중국산), 장의버스(제주전지역), 리무진 등			1,705,299,910	297,423,613	2,002,723,523	626,861,287	69,151,472	696,012,759	1,306,710,764	1,500,000,000	390	100	35	100	439,791,000	63	신한은행	예치계약	275,911,884	신한은행 제주지점	064-721-7924
[등록취소]㈜신성라이프[구. 신성토탈장의대행]	황 *  * 	서울-2011-제76호	20110217	1101113365122	204-81-95049	서울특별시 성북구 삼선교로24길 55	서울특별시 성북구 삼선교로24길 55	1588-3932	sht*****@naver.com	등록취소	20051222		378	378만원(계약금 8만원+월5만원*74회) 수의(대마/레이온), 리무진/버스 전국무료, 상복5벌	408	408만원(계약금8만원+월5만원*80회) 수의(대마/레이온), 리무진/버스 전국무료, 상복10벌			193,606,028	3,478,653,080	3,672,259,108	24,526,261	9,416,416,634	9,440,942,895	-5,768,683,787	300,000,000	38	100	257	100	9,105,990,000	35	신한은행	예치계약	3,232,108,087	신한은행(장한평지점,보문역지점)	1544-8000
[등록취소]㈜하나두레	김 *  * 	서울-2011-제71호	20110125	2811110085040	128-81-97030	서울 영등포구 여의나루로71 (동화빌딩 1103호)	상 동	1588-1386	s12***@naver.com	등록취소	20080517		골드형	360만원(3만원x120회),관(오동나무,중국산),수의(수직대마,중국산),장의버스,리무진 왕복 200km	푸르미1호(후불제)	360만원(1만원x20회),관(오동나무,중국산),수의(수직대마,중국산),장의버스,리무진 왕복 200km			302,180,777	12,596,612	314,777,389	29,877,054	152,379,060	182,256,114	132,521,275	300,000,000	112	100	58	100	1,053,450,000	21	우리은행	예치계약	216,858,000		
[폐업]국방몰라이프(주)[구.(주)해피상조, ㈜해피효경상조, 해피애플라이프(주)]	이 *  * 	부산-2010-제01호	20101005	1801110556217	605-81-77531	부산광역시 연제구 중앙대로 1078	부산광역시 연제구 중앙대로 1078	1599-5766	hap********@hanmail.net	폐업	20060517	20230429	프리미엄	240만원(2만원×120회)  수의(대마,국내산), 관(오동나무), 꽃제단 꽃바구니 2개 지원, 도우미 3명(20시간), 장의버스 또는 리무진 택일 등	프리미엄 실버	360만원(3만원×120회)  수의(대마,국내산), 관(오동나무), 꽃제단 20만원 지원, 도우미 5명(40시간), 장의버스, 리무진(왕복 200km이내 무료제공) 등	프리미엄 골드	480만원(4만원×120회)  수의(대마,국내산), 관(오동나무), 꽃제단 50만원 지원, 도우미 7명(60시간), 장의버스, 리무진(왕복 400km이내 무료제공) 등	589,515,001	1,992,616,749	2,582,131,750	31,122,346	2,608,187,621	2,639,309,967	-57,178,217	1,800,000,000	98	100	102	100	2,404,016,000	50	상조보증공제조합	공제계약	1,202,008,000	상조보증공제조합	1600-1226
[등록취소]파인라이프(주)[구,소나무좋은상조㈜]	전 *  * 	서울-2010-제21호	20101007	1358110150408	135-81-96529	서울특별시 강남구 선릉로107길 7	서울특별시 강남구 선릉로107길 7	1670-2088	dia****@hanmail.net	등록취소	20080401		파인390	390만(26,000*150회) 수의(대마,중국산) 관(오동나무,중국산) 리무진(왕복200km제공)	파인489	489만(32,600*150회)  수의(대마,중국산) 관(오동나무,중국산) 리무진(왕복400km제공)	파인690	690만(46,000*150회)  수의(대마,중국산) 관(오동나무,중국산) 리무진(전국 무료제공)	92,423,448	526,525,992	618,949,440	76,010,449	1,490,664,695	1,566,675,144	-947,725,704	500,000,000	37	100	253	100	1,537,158,900	50	한국상조공제조합	공제계약	768,579,450	한국상조공제조합	1688-0972
[직권말소]좋은라이프(주)[구.좋은상조(주)][(주)프리드라이프로 흡수합병]	김 *  * 	서울-2017-제158호	20131231	1101113186586	107-86-61020	서울특별시 중구 세종대로 73	서울특별시 중구 세종대로 73	1588-9776	cor*@jounlife.com	폐업	20050314	20210203	프라미스 3호	297만원(15,000*198회) 수의(면,중국산), 관(오동나무,중국산), 리무진 버스(택1, 왕복 200km제공)등	프라미스 4호	398만원(20,000*199회) 수의(대마,중국산), 관(오동나무,중국산), 리무진 버스(왕복 200km제공)등	프리미엄 540	540만원(36,000*150회) 수의(대마,중국산), 관(오동나무,중국산), 리무진 버스(전국무료)등	13,112,971,683	154,176,829,599	167,289,801,282	7,089,203,254	140,421,584,848	147,510,788,102	19,779,013,180	6,036,230,000	114	100	88	100	160,470,225,150	50	KEB하나은행	지급보증	80,900,000,000	하나은행(영업1부 지점)	02-2002-1111
현대에스라이프(주)[구. 현대상조(주)]	이 *  * 	대구-2010-제9호	20101110	1701110219536	504-81-45435	대구광역시 동구 안심로 52	대구광역시 동구 안심로 52	1566-1678	san***@hyundaislife.com	정상영업	20020408		390만원	390만원(30,000원*130회, 19,500원*200회) 수의(명품수의), 관(오동 4.5cm 2단), 리무진, 장의버스(왕복 200km), 도우미 5명, 제단꽃장식(영정고급/생화날개 1조 또는 25만원 지원)	450만원	450만원(30,000원*150회) 수의(명품대마), 관(오동 4.5cm 2단), 리무진, 장의버스(왕복 400km), 도우미 5명, 제단꽃장식(현대2호 또는 30만원 지원)	480만원	480만원(30,000원*160회) 수의(명품대마 특상), 관(오동 4.5cm 2단), 리무진, 장의버스(왕복 400km), 도우미 6명, 제단꽃장식(현대3호 또는 40만원 지원)	13,306,450,509	123,531,883,924	136,838,334,433	17,996,349,854	68,230,535,962	86,226,885,816	50,611,448,617	1,500,000,000	188	100	63	100	60,861,844,662	50	한국상조공제조합	공제계약	30,430,922,331	한국상조공제조합	1688-0972
[폐업]이편한라이프(주)[구, 두바이오픈(주),포항종합상조(주)]	이 *  * 	부산-2016-제44호	20160112	1717110077973	506-81-64476	부산광역시 연제구 월드컵대로165번길 5	부산광역시 연제구 월드컵대로165번길 5	1588-3128	dub******@naver.com	폐업	20160107	20201006	390만원상품	30,000*130 관(오동나무,6cm매장,3cm화장) 수의(삼베-품(저마),명주), 버스,리무진	480만원상품	40,000*120 관(적송6cm,오동3cm) 수의(삼베-품(대마),명주-특맞춤), 버스,리무진	375만원상품	25,000*150 관(향4.5cm,오동3cm) 수의(삼베-대마,명주-홀치기), 버스,리무진	96,545,098	2,456,621,092	2,553,166,190	257,745,657	4,591,548,330	4,849,293,987	-2,296,127,797	1,500,475,000	-489	100	190	100	401,790,000	38	우리은행	예치계약	151,748,500		
[폐업](주)예인라이프[구,운암정상조(주)]	김 *  * 	강원-3호	20150821	1452110010545	223-81-10129	강원도 춘천시 동산면 종자리로 331-22	강원도 춘천시 동산면 종자리로 331-22	1577-8499	kjs****@hanmail.net	폐업	20080310	20171228	일반 300만원	수의, 관, 도우미 3명, 차량 택1, 양복 3벌, 유골함, 제단(기본)	고급 390만원	수의, 관, 도우미 5명, 차량 2대, 양복 5벌, 고급 유골함, 제단,	VIP 540만원	수의, 관, 도우미 7명, 차량 2대, 양복 10벌, 진공 유골함, 고급 제단	221,859,486	26,359,032	248,218,518	60,448,000	0	60,448,000	187,770,518	300,000,000	248	100	24	100	440,000	53	신한은행	예치계약	235,193		
[직권말소]대한상조개발㈜[농촌사랑(주)로의 피흡수합병]	김 *  * 	대구-2010-제3호	20101017	1701110346420	504-81-74906	대구광역시 남구 명덕로 78	상 동	1577-1750	ull******@naver.com	폐업	20080101	20180822	일반형	360만원(30000*120) 수의(저마,기계직), 관(오동나무), 장의버스 20만원 지원	일반형	420만원(30,000*140) 수의(대마,기계직), 관(오동나무), 리무진 200km, 장의버스	프리미엄	540만원(40,000*135) 수의(대마,수제직), 관(솔송), 리무진 300km, 장의버스	328,882,660	38,161,183	367,043,843	860,980,446	76,800,000	937,780,446	-570,736,603	300,000,000	-33	100	255	100	432,735,000	55	우리은행	예치계약	239,568,000		
[등록취소]대한교직원공제회 교원가족상조(주)	김 *  * 	대구-2011-제15호	20110113	1701110386567	502-86-01998	대구 중구 경상감영길 40	대구 중구 경상감영길 40	053-742-0167	dtm***@hanmail.net	등록취소			교원 1품	가격:5,940,000원 /  월 부금액:33,000원 X 180회 , 수의(대마,중국산),관(솔송관또는오동관,북미/중국) 등	VIP 600	가격:6,000,000원 /  월 부금액:50,000원 X 120회 , 수의(원삼,중국산),관(향나무관,북미),리무진 무료제공 등	가족상 1품	가격:3,930,000원 /  월 부금액:33,000원 X 120회, 수의(대마,중국산),관(오동관,북미/중국) 등	4,495,295	98,440,000	102,935,295	460,791,523	0	460,791,523	-357,856,228	350,000,000		100	448	100	299,574,000	5	우리은행	예치계약	15,495,000		
[등록취소]아산상조(주)	장 *  * 	서울-2018-제163호	20110322	1101112711392	215-86-37781	서울특별시 마포구 독막로8길 6	서울특별시 마포구 독막로8길 6	1544-9414	asa*******@naver.com	등록취소	20030301		하늘품390	390만원 (3만원X130회) 수의(대마), 관(오동나무), 리무진 및 장의버스, 의전팀장 및 도우미 인력, 꽃제단 장식1단 등	하늘품480	480만원 (4만원X120회) 수의(대마), 관(오동나무), 리무진 및 장의버스, 의전팀장 및 도우미 인력, 꽃제단 장식2단 등			19,032,730,913	10,295,096,687	29,327,827,600	18,830,092,681	16,649,895,441	35,479,988,122	-6,152,160,522	2,000,000,000	63	100	121	100	12,009,147,862	50	신한은행	예치계약	6,004,573,931		
[등록취소](주)이지스상조	김 *  * 	서울-2010-제49호	20100917	1801110375310	607-81-55514	서울 영등포구 여의도동44-24 호성빌딩 신관501호	상동	1644-4060	web******@aegissj.com	등록취소	20010830		260상품	260만원 (26000원 * 100회)  수의(저마,중국산) 관(오동나무,중국산) 왕복 200km(리무진,버스 중 택일) 등	390상품	390만원 (30000원 * 130회) 수의(대마,중국산) 관(오동나무,중국산) 리무진 왕복 30km, 버스왕복 300km 등	540상품	540만원 (54000원 * 100회) 수의(대마,중국산) 관(오동나무,중국산) 리무진 왕복 30km, 버스왕복 300km 등	5,139,240,431	4,535,386,631	9,674,627,062	28,514,407,818	20,700,000	28,535,107,818	-18,860,480,756	300,000,000	23	100	295	100	0	0	한국상조공제조합	공제계약	0	한국상조공제조합	1688-0972
[폐업]농촌사랑(주)	박 *  * 	인천-2011-제2호	20110314	1358110154731	124-86-68751	인천광역시 서구 중봉대로612번길 10-12	인천광역시 서구 중봉대로612번길 10-12	1644-5060	ifa******@naver.com	폐업	20080701	20200113	농촌사랑390(130회)	390만원(월30,000*130회) 수의(대마,중국) 관(오동나무,중국산) 버스+리무진(왕복200km)	농촌사랑480(120회)	480만원(월40,000*120회) 수의(대마,중국) 관(향나무,중국산) 버스+리무진(전국무료)	농촌사랑480(240회)	480만원(월20,000*240회) 수의(대마,중국) 관(향나무,중국산) 버스+리무진(전국무료)	364,256,974	3,131,024,042	3,495,281,016	238,916,578	4,106,575,724	4,345,492,302	-850,211,286	1,603,100,000	79	100	124	100	4,088,816,300	50	한국상조공제조합/국민은행	공제계약/예치계약	1804612326/239795824		
[직권말소]㈜케이티에스연합[구.(주)케이티에스]	최 *  * 	광주-2017-제1호	20130822	1701110348814	514-81-64079	광주광역시 북구 서하로 223	상 동	1644-4228	hap****@hanmail.net	폐업	20080201	20170818	실속형	2.5만원~4만원(10년 120회~20년 240회) 기본품목(장례지도사, 리무진, 관, 수의, 상복, 운구도우미)+선택품목(야간접객도우미, 횡대, 상주편의용품) 등을 가입단체에서 상조 상품조립	표준형	4만원~6만원(10년 120회~20년 240회) 기본품목(장례지도사, 리무진, 관, 수의, 상복, 운구도우미)+선택품목(야간접객도우미, 횡대, 상주편의용품) 등을 가입단체에서 상조 상품조립	프리미엄형	6만원~9만원(10년 120회~20년 240회) 기본품목(장례지도사, 리무진, 관, 수의, 상복, 운구도우미)+선택품목(야간접객도우미, 횡대, 상주편의용품) 등을 가입단체에서 상조 상품조립	125,211,698	12,500,000	137,711,698	1,592,886,541	0	1,592,886,541	-1,455,174,843	300,000,000	-533	100	1157	100	229,957,200	51	신한은행	예치계약	117,281,300	신한은행(운암동 지점)	053-553-5507
[폐업]삼원라이프주식회사	가 * 	충남 제1호	20101001	1614110015757	316-81-07265	충남 서산시 석림동 773-1	상동	1644-9006	sam*******@hanmail.net	폐업	20050801	20160125	240만원	240만원(3만원×80회),수의(저마,중국산),관(오동나무,중국산),리무진(100km이내 무료제공)	360만원	360만원(3만원×120회),수의(대마,중국산),관(오동나무,중국산),리무진(100km이내 무료제공)	480만원	480만원(4만원×120회),수의(대마,중국산),관(소나무,중국산),리무진(100km이내 무료제공)	2,393,220,753	362,541,453	2,755,762,206	3,841,655,282	0	3,841,655,282	-1,085,893,076	300,000,000	66	100	139	100	3,148,579,000	46	국민은행	예치계약	1,433,786,950	국민은행(서산지점)	041-662-0914
[폐업](주)나비드	김 *  * 	대전-선불식할부거래업-21호	20110330	1601110295918	314-86-22789	대전 서구 월평동	대전 서구 월평동	042-486-0036		폐업		20130930	360	30,000*120회 고급드레스,턱시도,사진,헤어메이크업(본식,리허설),웨딩카	480	40,000*120회 최고급드레스, 국산웨딩카(본식,리허설 메이크업) 액자 등	600	50,000*120회 최고급드레스, 리무진(본식, 리허설 메이크업) 액자 등	273,528,213	44,865,000	318,393,213	132,137,759	0	132,137,759	186,255,454	300,000,000		100	42	100	124,380,000	0	국민은행(해지)	예치계약(해지)	0		
(주)에이플러스라이프	최 *  * 	서울-2010-제3호	20100929	1101113989245	120-87-33918	서울특별시 강남구 역삼로 415	상동	1688-8860	lif*@apluslife.co.kr	정상영업	20081101		효담336	336만원(28,000원*120회/20,000원*168회) 관(원산지:중국, 제조지:중국, 재질:오동나무), 수의(원산지:중국, 제조지:중국, 모시(5호)/기계직, 화장(효담 가진 수의/혼용), 입관/빈소용품 일체, 의전/발인용품 일체, 1급 장례 의전팀장1명(3일 상주), 장례예식사 1명(입관시), 조문객도우미3명*8시간, 버스/리무진(왕복200km 택1)	효담420	420만원(25,000원*168회/35,000원*120회) 관(원산지:중국, 제조지:중국, 재질:오동나무), 수의(원산지:중국, 제조지:중국, 모시(5호)/기계직, 화장(효담 가진 수의/혼용), 입관/빈소용품 일체, 의전/발인용품 일체, 1급 장례 의전팀장1명(3일 상주), 장례예식사 1명(입관시), 조문객도우미4명*8시간, 버스/리무진(왕복200km)	효담720	720만원(60,000원*120회/40,000*180회) 관(원산지:중국, 제조지:중국, 재질:오동나무, 향나무), 수의(원산지:중국, 제조지:중국, 대마100%(3호)/수제직, 입관/빈소용품 일체, 의전/발인용품 일체, 1급 장례 의전팀장1명(3일 상주), 장례예식사 1명(입관시), 조문객도우미8명*8시간, 버스/리무진(전국무료)	68,577,880,391	50,393,206,134	118,971,086,525	2,793,722,491	59,953,453,381	62,747,175,872	56,223,910,653	25,500,000,000	196	100	53	100	59,053,610,584	50	신한은행	지급보증	29,526,805,292	신한은행 삼성역기업금융센터점	02-3453-4829
[폐업](주)우리연합상조이벤트	김 *  * 	대전-선불식할부거래업-제 19호	20110324	1601110213952	314-81-85343	대전 서구 월평동	대전 서구 월평동	042-486-5279		폐업		20130930	360	360만원(3만원*120회) 순특수의(대마,국내) 관(오동관) 리무진(버스,캐달락중선택)	480	480만원(4만원*120회) 순특상수의(대마,국내) 관(오동2관) 리무진(버스,캐딜락중선택)	600	600만원(5만원*120회) 전특수의(대마,국내) 관(솔송관) 리무진 제공(100km) 왕복	916,367,275	43,236,542	959,603,817	1,329,754,263	0	1,329,754,263	-370,150,446	300,000,000		100	139	100	1,283,380,000	7	우리은행	예치계약	84,142,000		
[등록취소]순복음라이프(주) [구, 효경라이프(주), 효경상조(주)]	박 *  * 	부산-2011-33호	20110316	1801110629577	605-81-88173	부산광역시 부산진구 서전로 25	부산광역시 부산진구 서전로 25	1577-7808	hyo*****@hanmail.net	등록취소	20080414		효경토탈상품 396	396만원(30,000*132회) 크루즈여행, 장례, 혼례	보훈VIP상품396	396만원(30,000*132회) 크루즈여행, 장례, 혼례	크루즈여행 상품	396만원(40,000*99회) 크루즈 여행	1,233,794,221	4,592,806,429	5,826,600,650	251,590,649	8,629,082,733	8,880,673,382	-3,054,072,732	1,500,000,000	64	100	152	100	8,397,354,000	50	상조보증공제조합	공제계약	4,198,677,000	상조보증공제조합	1600-1226
[등록말소]㈜매일상조[현대에스라이프(주)로 흡수합병]	여 *  * 	대구-2010-제7호	20101110	1701110388349	504-81-83841	대구광역시 중구 서성로 20	상 동	1577-9559	msa****@msangjo.com	폐업	20091019	20200819	330 패키지	330만원(5.5만원*60회, 3.3만원*100회, 2.75만원*120회) 수의(삼베/중국산), 관(오동/중국산), 버스 또는 리무진(왕복200km 지원)	396 패키지	396만원(6.6만원*60회, 3.96만원*100회, 3.3만원*120회) 수의(삼베/중국산), 관(오동/중국산), 버스-리무진(왕복200km지원)	540 패키지	540만원(9만원*60회, 5.4만원*100회, 4.5만원*120회) 수의(삼베/중국산), 관(오동 또는 적송/중국산), 버스-리무진(왕복400km지원)	1,150,523,449	6,519,626,046	7,670,149,495	698,515,610	10,385,856,016	11,084,371,626	-3,414,222,131	1,500,000,000	67	100	145	100	10,409,541,350	51	우리은행	예치계약	5,269,601,725	우리은행(동산동지점)	053-256-5891
[폐업](주)새미래라이프	김 *  * 	부산-2011-24호	20110308	1801110647397	607-81-86962	부산 연제구 거제2동	부산 연제구 거제2동	1588-6168	kjb****@hanmail.net	폐업		20130820	240만원상품	240만원(30000*80회) 관(오동나무3단) 수의(대마) 염배2필	360만원상품	360만원(36000*100회) 관(향나무1.5) 수의(대마) 염배2필	400만원상품	400만원(50000*80회) 관(향나무2단) 수의(남해포+명주) 염배2필	310,228,481	42,228,415	352,456,896	215,934,429	0	215,934,429	136,522,467	300,000,000		100	61	100	278,154,000	0	우리은행	예치계약	917,500		
[등록취소]예그린에스앤티(주)	허 *  * 	부산-2013-41호	20130828	1801110465955	617-81-48835	부산시 부산진구 연수로 18-1 3층(양정동, 희망빌딩)	부산시 연제구 중앙대로 1117(연산동)	1588-4108	pil****@gmail.com	등록취소	20101210		240만원	240만원(2만원*120회) 수의(인견(명주),원사:중국, 재직:국내), 관(오동나무,중국산)	360만원	360만원(3만원*120회) 수의(견(본견),원사:중국, 재직:국내), 관(오동나무,중국산)	480만원	480만원(4만원*120회) 수의(견(고급본견),원사:중국, 재직:국내), 관(오동나무,중국산)	949,174,794	2,599,048,846	3,548,223,640	330,994,893	3,644,928,900	3,975,923,793	-427,700,153	300,000,000	-20	100	112	100	346,705,000	40	상조보증공제조합	공제계약	138,682,000		
[등록취소]바이오힐링(주) [구, 삼성상조㈜, 삼성토탈상조㈜]	정 *  * 	부산 2013-40호	20110211	2301110074995	610-81-49871	부산광역시 연제구 신촌로 24	부산광역시 연제구 신촌로 24 1층 (연산동, 연포빌딩)	1544-1045	ce*@netsideline.net	등록취소	20010515		안심2호	240만원(2만원*120) 수의(대마 한국/중국),관(오동나무 중국),장의버스 리무진 중 택일	패밀리	300만원(2만5천*120) 수의(대마 한국/중국),관(오동나무 중국),리무진 관내제공	안심3호	360만원(3만*120) 수의(대마 한국/중국),관(오동나무 중국),리무진 300km제공 (왕복)	571,758,963	37,172,120	608,931,083	388,353,264	2,771,770,600	3,160,123,864	-2,551,192,781	300,000,000	-31	100	519	100	1,843,872,900	16	우리은행	예치계약	299,283,430	우리은행(연산중앙지점)	051-868-8001
[폐업](주)실버뱅크	노 *  * 	대전-선불식할부거래업-17	20110322	1601110198352	305-81-78213	대전시 중구 중교로 36-1(대흥동, 3층)	상동	1544-9651	tlf*******@naver.com	폐업	20051101	20150722	특약형(290만원)	290만원(29,000원*100회,50,000*58회) 수의(인견 또는 면수의), 관(오동나무 0.6치), 캐딜락, 장의버스 택1 관내 제공	실버1호(390만원)	390만원(39,000원*100회,50,000*78회) 수의(실버1호 또는 기계대마), 관(오동나무 1치), 캐딜락, 장의버스 왕복 200km	실버2호(490만원)	490만원(49,000원*100회,50,000*98회) 수의(실버2호 또는 반수제대마), 관(오동나무 1.5치), 캐딜락, 장의버스 왕복 400km	1,597,477,093	143,006,608	1,740,483,701	2,750,469,181	0	2,750,469,181	-1,009,985,480	300,000,000	73	100	158	100	3,707,704,497	50	한국상조공제조합	공제계약	1,853,852,249		
부모사랑(주)	배 *  *  *  *  *  *  *  *  *  *  *  * 	서울-2010-제19호	20101005	1101113872648	114-86-66402	서울특별시 서초구 방배로 123	서울특별시 서초구 방배로 123	1566-0114	alp*****@bumo-sarang.com	정상영업	20080506		라이프 420	420만원 (25,000*168회) 수의(저마 약90%, 면 약10%/원산지 : 중국, 제조지역 : 한국, 중국), 관(오동나무, 원산지 : 중국, 제조지역 : 한국, 중국), 리무진, 버스(왕복200km이내 무료제공)	뉴 라이프캐시백 08	400만원 (400,000*10회) 수의(대마 100%/원산지 : 중국, 제조지역 : 한국, 중국), 관(오동나무, 원산지 : 중국, 제조지역 : 한국, 중국), 리무진, 버스(왕복250km이내 무료제공)	가족형 라이프캐시백 068	500만원 (500,000*10회) 수의(저마 약65%, 면 약35%/원산지 : 중국, 제조지역 : 한국, 중국), 관(오동나무, 원산지 : 중국, 제조지역 : 한국, 중국), 리무진, 버스(왕복300km이내 무료제공)	17,926,398,743	251,337,139,986	269,263,538,729	9,210,302,067	393,919,464,590	403,129,766,657	-133,866,227,928	10,000,000,000	65	100	150	100	413,095,719,435	50	상조보증공제조합	공제계약	206,547,859,718	상조보증공제조합	1600-1226
[폐업]행복한상조(주)	강 *  * 	부산-2011-28호	20110316	1801110622399	603-81-67662	부산 부산진구 범천1동  869-30	부산 부산진구 범천1동  869-30	051-944-6644		폐업		20131108	210상품	210만원 (월3만원*70회)	280상품	280만원 (월4만원*70회)	360상품	360만원 (월4만원*90회)	25,509,085	95,243,550	120,794,458	160,988,650	0	160,988,650	-40,194,192	300,000,000		100	133	100	127,555,000	20	우리은행	예치계약	25,511,000		
[등록취소]디에이치상조(주)	허 *  * 	부산-2011-19호	20110218	1801110247783	607-81-40535	서울시 중랑구 망우로 66길 5(망우동)	상동	1588-4008	pil****@gmail.com	등록취소	19980101		240만원	240만원(월2만원*120회) 수의(인견(명주)-중국산,국내제작),관(오동,중국산)	360만원	360만원(월3만원*120회) 수의(견(본견)-중국산,국내제작),관(오동,중국산)	480만원	480만원(월4만원*120회) 수의(견(고급본견)-중국산,국내제작),관(오동,중국산)	1,071,297,255	14,503,757,229	15,575,054,484	4,466,215,249	30,580,423,921	35,046,639,170	-19,471,584,686	300,000,000	18	100	225	100	0	0	한국상조공제조합	공제계약	0		
[폐업]미래천사장례써비스(주)	표 *  * 	서울-2011-제98호	20110324	1011145473230	206-86-51038	서울특별시 광진구 능동로 330	서울특별시 광진구 능동로 330	02-6408-3991	mir*******@naver.com	폐업	20110303	20170330	미래형	300만원(월30,000X100회) 수의(마100&#37;, 중국산), 관(오동나무,중국산), 리무진(200km이내무료) 등	골드형	498만원(월49,800X100회) 수의(마100&#37;, 중국산), 관(오동나무,중국산), 리무진(거리제한없음) 	VIP골드형	598만원(월59,800X100회) 수의(마100&#37;, 중국산), 관(오동나무,중국산), 리무진(200km이내무료), 유골함 등	59,695,642	302,341,140	362,036,782	122,689,118	0	122,689,118	239,347,664	300,000,000	327	100	34	100	99,920,000	50	우리은행	예치계약	50,110,000	우리은행(성수동 지점)	02-464-6616
[폐업](주)두레문화	장 *  * 	대구-2011-제19호	20110222	1701110075045	501-81-16402	대구광역시 중구 중앙대로 323	상 동	1577-3566	jkh******@nate.com	폐업	19940418	20201203	300만원	300만원(월2만5천원*120회) 수의(대마,중국산) 관(오동나무, 중국 및 북미산) 리무진(이용요금의 50%할인)	360만원	360만원(월3만원*120회) 수의(대마,중국산) 관(오동나무, 중국 및 북미산) 리무진(왕복 100km이내 무료제공)	480만원	480만원(월4만원*120회) 수의(대마,중국산) 관(향나무, 중국산) 리무진(전국무료제공)	2,796,785,898	586,159,723	3,382,945,621	62,155,250	3,028,434,977	3,090,590,227	292,355,394	1,500,000,000	111	100	91	100	2,465,018,600	50	상조보증공제조합	공제계약	1,232,509,300	상조보증공제조합	1600-1226
[폐업](주)에이스	노 *  * 	부산-2011-18호	20110128	1801110533207	607-81-75465	부산 연제구 연산5동  1242-2번지 동화빌딩 11층	부산 연제구 연산5동  1242-2번지 동화빌딩 11층	051-865-3800	ace******@hanmail.net	폐업		20130407	600상품	월5만원 X 120회 수의(대마자수,원사:중국, 원단:한국), 관(향나무2단,중국산), 리무진(전국무료) 등	396상품	월4만원 X 120회  수의(대마,원사:중국, 원단:한국), 관(오동2단,중국산), 리무진(300km이내) 등	480상품	월3.3만원 X 120회  수의(대마자수,원사:중국, 원단:한국), 관(솔송2단,중국산), 리무진(501km이내) 등	259,615,800	587,768,625	847,384,425	3,931,052,830	0	3,931,052,830	-3,083,668,405	300,000,000		100	464	100	4,350,252,000	30	한국상조공제조합	공제계약	1,305,075,600		
[폐업](주)두레가족	김 *  * 	대전 선불식할부거래업-3	20101005	1601110220098	314-81-88087	대전 서구 도마2동 335-35 계룡파크빌 2층 203호	대전 서구 도마2동 335-35 계룡파크빌 2층 203호	1644-1790	drf*****@nate.com	폐업		20131101	퓨리엘390	390만(39,000*100회) 수의(대마,중국) 관(오동나무,중국) 리무진(200km이내무료) 등	퓨리엘540	540만(54,000*100회) 수의(수제대마,중국) 관(오동나무,중국) 리무진(400km이내무료) 등	퓨리얼720	720만(72,000*100회) 수의(수제대마,중국) 관(솔나무,중국) 리무진(전국무료) 등	559,554,738	114,418,000	673,972,738	1,174,909,639	0	1,174,909,639	-500,936,901	350,000,000		100	174	100	447,784,000	0	신한은행	예치계약	855,384		
[폐업]한양종합상조(주)	홍 *  * 	서울-2011-제89호	20110315	1101113527508	206-86-10681	서울특별시 중랑구 용마산로81길 53	서울시 중랑구 용마산로81길 53(면목동)	1588-4144		폐업	20060914	20180817	실버장례	240만(월20,000*120회), 수의(대마,국내산), 관(오동나무,중국산), 리무진 100km 무료제공	골드장례	360만(월(30,000*120회), 수의(대마,국내산), 관(오동나무,중국산), 리무진 400km 무료제공	VIP골드장례	480만(월40,000*120회), 수의(대마,국내산), 관(오동나무,중국산), 버스 전국 무료제공	11,331,012	152,406,970	163,737,982	374,254,440	0	374,254,440	-210,516,458	300,000,000	28	100	229	100	272,390,000	50	KEB하나은행	예치계약	136,195,000	하나은행(면목지점)	02-495-1111
[직권말소]아름다운상조(주)	최 *  * 	대전-선불식할부거래업-6	20101123	1601110199194	305-81-78625	대전광역시 중구 중앙로122번길 17	대전광역시 중구 중앙로122번길 17	1644-4419	are********@hanmail.net	폐업	20051121	20170321	프리미엄플러스2	297만원,396만원,528만원 장례, 어학연수, 크루즈, 웨딩(혼용상품)	프리미엄플러스S	432만원 장례, 어학연수, 크루즈, 웨딩(혼용상품)	기업형	450만원 장례, 어학연수, 크루즈, 웨딩(혼용상품)	7,646,715,175	2,026,805,510	9,672,520,685	15,098,849,921	0	15,098,849,921	-5,426,329,236	499,900,000	64	100	156	100	15,424,610,440	50	한국상조공제조합	공제계약	7,758,388,720	한국상조공제조합	1688-0972
[등록취소]하나웰페어앤컴퍼니(주)	두 *  *  *  *  *  * 	경기-2011-13호	20110318	1801110590398	605-81-82602	경기도 김포시 북변중로 43 2층	상동	1544-1614	han****@hanawelfare.co.kr	등록취소	20070419								0	0	0	0	0	0	0	461,540,000		100		100	0	0	우리은행	예치계약	0	우리은행(연산지점)	051-868-8001
(주)조흥	김 *  * 	부산-2011-제31호	20110316	1801110115089	604-81-27611	부산광역시 동구 조방로 39	부산광역시 동구 조방로 39	051-636-1004	636****@hanmail.net	정상영업	19910611		명품 120 부금	360만원(30,000*120회)					4,543,335,371	5,524,599,350	10,067,934,721	3,684,013,940	1,803,548,470	5,487,562,410	4,580,372,311	1,500,000,000	436	100	55	100	1,357,670,000	71	우리은행	예치계약	964,595,000	우리은행 범일지점	051-646-5031
[직권말소]에플라이프(주)[해피애플라이프(주)로 흡수합병]	강 *  * 	부산-2010-제2호	20101005	1801110693556	605-81-97314	부산광역시 부산진구 중앙대로 750	부산광역시 부산진구 중앙대로 750	051-714-3100	apl*******@naver.com	폐업	20100101	20190329	AL360	360만원 (월3만원x120회) 수의(대마, 중국산) 관(오동나무관, 중국) 리무진 왕복 200km이내 무료제공	AL480	480만원 (월4만원x120회) 수의(대마, 중국산) 관(솔송관, 중국) 리무진 왕복 400km 이내 무료제공	AL600	600만원 (월5만원x120회) 수의(대마, 중국산) 관(향나무관, 중국) 리무진 전국 무료제공	98,819,190	1,286,148,997	1,384,968,187	6,847,256	1,461,065,000	1,467,912,256	-82,944,069	300,000,000	94	100	106	100	1,449,610,000	60	신한은행	예치계약	874,712,500		
[폐업]덕산장례서비스㈜	장 *  * 	경북-2010-제1호	20101204	1760110065935	513-81-60013	경상북도 구미시 신비로 115	상 동	054-462-4440	duk*****@naver.com	폐업	20100816	20190222	240	240만(4만*60회or2.4만*100회) 수의(원사:중국,제작:중국,재질:면), 오동관, 상복, 차량1대 복지사2명	360	360만(6만*60회or3.6만*100회) 수의(원사:중국,제작:중국,재질:마), 오동관, 상복, 차량2대 복지사3명	480	480만(8만*60회or4.8만*100회) 수의(원사:중국,제작:중국,재질:마), 관, 상복, 차량1대, 복지사2명, 산소조성	406,662,008	189,569,889	596,231,897	16,244,053	132,893,733	149,137,786	447,094,111	300,000,000	482	100	25	100	170,036,300	50	신한은행	예치계약	85,018,150	신한은행(구미금융센터지점)	054-462-3012
[등록취소]푸른상조(주)	박 *  * 	광주-2011-제1호	20110302	2001110250799	409-81-99280	광주 남구 월산동  964-1 송암빌딩 6층	광주 남구 월산동  964-1 송암빌딩 6층	062-527-4131	pkc****@nate.com	등록취소			푸른표준형	280만원 (월2.8만원*100회)	푸른귀족형	380만원 (월3.8만원*100회)	푸른VIP형	480만원 (월4.8만원*100회)	413,038,682	32,090,000	445,188,682	473,672,400	0	473,672,400	-28,483,718	310,000,000		100	106	100	50,674,000	20	우리은행	예치계약	10,134,000		
[폐업]㈜금구	송 *  * 	대구-2011-제27호	20110317	1701110099417	504-81-21414	대구광역시 북구 칠성남로37길 29(칠성동2가)	상 동	053-426-7216	geu******@hanmail.net	폐업	19960601	20170430							1,259,170	62,881,633	64,140,803	340,744,814	0	340,744,814	-276,604,011	300,000,000		100	531	100	0	0	신한은행	예치계약	0	신한은행(대구중앙지점)	053-424-9041
[등록취소](주)태평양종합상조	김 *  * 	서울-2011-제81호	20110315	1101113471721	212-81-75990	서울 용산구 한강로2가  2		02-792-0244	tpy****@naver.com	등록취소			단체특약VIP	220만원(2만원*110회) 수의(대마,국내산) 관(중국) 리무진(전국무료)등					384,717,319	37,704,999	422,422,318	924,402,823	0	924,402,823	-501,980,505	300,000,000		100	219	100	1,012,840,000	5	우리은행	예치계약	45,886,000		
[폐업](주)대노복지사업단	박 *  * 	서울-2011-제73호	20110126	1101113919606	106-86-59521	서울특별시 영등포구 당산로 171	서울특별시 용산구 임정로 54	1588-3543	plm**@naver.com	폐업	20080627	20260701	YOURLIFE450베스트	450만원(15,000원*300회) 관(오동나무/중국산), 수의(궁중수의/중국산), 상복대여, 앰블런스(관내무료), 리무진(전국무료) 제단비용지원(30만원), 일회용품 200명분 등	유어라이프486	486만원(27,000원*180회) 관(오동나무/중국산), 수의(궁중수의/중국산), 상복대여, 앰블런스(관내무료), 리무진(전국무료) 제단비용지원, 일회용품 200명분 등	유어라이프PLUS60	594만원(33,000원*180회)관(오동나무/중국산), 수의(궁중수의/중국산), 상복대여, 앰블런스(관내무료), 리무진(전국무료) 제단비용지원(40만원), 꽃바구니 2개, 일회용품 300명분, 버스 리무진(왕복400km) 등	367,374,190	40,431,078,950	40,798,453,140	2,202,677,307	71,858,435,308	74,061,112,615	-33,262,659,475	3,020,500,000	52	100	182	100	72,540,611,039	50	한국상조공제조합	공제계약	36,270,305,520	한국상조공제조합	1688-0972
[등록취소]㈜아산라이프[구, ㈜아산라이프하늘가족,(주)하늘가족]	안 *  * 	서울-2013-제128호	20101221	2801110077204	127-86-00686	서울 강동구 성안로 112,4층 (성내동,햇살빌딩)	서울 강동구 성안로 112,4층 (성내동,햇살빌딩)	1899-0423	adi***@naver.com	등록취소	20060908		골드	360만원(월3만원X120회) 수의(대마,국산 또는 중국산) 관(오동나무,중국산) 리무진(200KM이내 무료제공)					31,330,234	1,118,078,271	1,149,408,505	932,759,265	0	932,759,265	216,649,240	700,000,000	127	100	81	100	787,838,600	38	신한은행	예치계약	303,263,060		
한양상조(주)	이 *  * 	충남-제5호	20110302	1211110137240	130-86-16336	충청남도 천안시 동남구 영성로 84	충청남도 천안시 동남구 영성로 84	1588-1226	hoj******@naver.com	정상영업	20051110		실버	240만원(20,000*120) 관,수의 및 입관용품, 의전용품, 수시용품, 버스/캐딜락 중 선택, 염	골드	360만원(30,000*120) 관,수의 및 입관용품, 의전용품, 수시용품, 버스/캐딜락 제공, 염	VIP	480만원(40,000*120)  관,수의 및 입관용품, 의전용품, 수시용품, 버스/캐딜락 제공, 염	2,430,455,755	390,376,129	2,820,831,884	782,351,691	1,062,225,560	1,844,577,251	976,254,633	1,500,000,000	272	100	65	100	561,845,000	50	신한은행	예치계약	280,932,500	신한은행(부천상동지점)	032-327-6611
[직권말소]웰라이프(주)[구, 전국상조연합㈜][(주)위드라이프그룹으로 흡수합병]	강 *  *  *  *  *  *  * 	서울-2010-제26호	20140917	1101113308784	105-86-83727	서울특별시 관악구 승방1길 5	상 동	1600-1258	hel*@well-life.co.kr	폐업	20050923	20190325	고급형 297	297만원(30,000*99회) 수의(대마100%/중국), 관(오동나무/중국), 버스/리무진 택1 200km	소망 480	360만원(25,000*144회) 수의(대마100%/중국), 관(오동나무/중국), 버스, 리무진 전국무료	할레루야 480	360만원(30,000*120회) 수의(대마100%/중국), 관(오동나무/중국), 리무진, 버스 전국무료	490,953,457	3,276,661,810	3,767,615,267	331,059,703	7,854,054,078	8,185,113,781	-4,417,498,514	300,000,000	43	100	217	100	8,467,881,848	50	상조보증공제조합	공제계약	4,233,940,924	상조보증공제조합	1600-1226
[직권말소]지산㈜	장 *  * 	충북-2011-제1호	20110211	1501110110390	317-81-06385	충북 청주시 상당구 2순환로 94번길 21 (율량동)	상동	043-221-4004	hhy******@nate.com	폐업	20101015	20190312	효성상조보험	150만원(25,000X60회) 수의, 관, 리무진 등					642,705,153	4,532,963,518	5,175,668,671	2,331,629,812	1,186,415,076	3,518,044,888	1,657,623,783	300,000,000	493	100	68	100	394,575,000	61	신한은행	예치계약	240,792,550		
[폐업](주)궁전실버뱅크	윤 *  * 	경기 2015-1호	20101126	1101112883547	109-81-88336	경기도 성남시 분당구 장미로48번길 10	상동	1544-7376	rnd********@naver.com	폐업	20031027	20160829	로얄366	366만원/월불입 3만원 전통복옷,의전용품,맷 배,관,횡대,납골함,리무진버스,도우미,입관용품,수시용품,장례지도사 등	390(30,000*130회)	390만원/월불입 3만원 전통복옷,의전용품,맷 배,관,횡대,납골함,리무진버스,도우미,입관용품,수시용품,장례지도사 등	480(40,000*120회)	369만원/월불입 1만원 전통복옷,의전용품,맷 배,관,횡대,납골함,리무진버스,도우미,입관용품,수시용품,장례지도사 등	38,768,609	599,816,058	638,584,667	230,801,593	831,627,943	1,062,429,536	-423,844,869	300,000,000	85	100	166	100	2,832,462,180	50	한국상조공제조합	공제계약	1,416,231,090		
㈜교원라이프[구.㈜케이더블유앤라이프]	장 *  * 	서울-2010-제51호	20101123	1101114430833	104-86-30469	서울특별시 중구 을지로 51	서울특별시 중구 을지로 51	1588-0060	kyo*******@kyowon.co.kr	정상영업	20100908		LG구독 130	599만원(59,900원*100회, 0*80회) 수의(대마100%기계직), 관(오동나무), 장의버스(리무진 왕복400km), 장례도우미 6명	KT교원라이프 85	429만원(42,900원*85회, 0*80회) 수의(대마100%기계직), 관(오동나무), 장의버스(리무진 왕복200km), 장례도우미 5명	포인트플러스 599일시형	499만원(49,900원*100회, 10,000원*100회) 수의(대마100%기계직), 관(오동나무), 장의버스(리무진 왕복400km), 장례도우미 6명	569,581,384,252	1,259,012,049,208	1,828,593,433,460	94,393,700,768	1,659,988,705,779	1,754,382,406,547	74,211,026,913	5,975,000,000	104	100	96	100	1,736,893,260,642	53	하나은행/수협은행/우리은행/신한은행	지급보증/지급보증/지급보증/지급보증/예치	450000000000/90000000000/148000000000/224511007804	신한은행 기업영업부, 하나은행 상공회의소지점, 수협은행 중부기업금융본부, 우리은행 한화기업영업지원팀	02-2151-5356, 02-6050-1118, 02-319-0935, 02-318-6396
[직권말소]삼성문화상조(주)[구, 삼성메이진글로벌㈜]	김 *  * 	대구-2015-제35호	20150703	1701110256710	503-81-62445	대구광역시 동구 동호로 175	대구광역시 동구 동호로 175. 5층	053-253-0006	scc****@hanmail.net	폐업	20041201	20190319	240만원	240만원(2만*120회, 4만*60회), 수의 : 저마 100%, 장의 버스 200km, 관:오동4.5cm	360만원	360만원(3만원*120회), 대마 100%, 오동4.5cm, 장의차, 리무진 왕복 200km 제공	480만원	480만원(4만*120회) 대마 100%, 오동4.5cm, 장의차, 리무진 왕복 400km 제공	1,425,627	154,751,782	156,177,409	239,300,425	503,117,500	742,417,925	-586,240,516	300,000,000	-32	100	475	100	419,960,000	50	상조보증공제조합	공제계약	209,980,000	상조보증공제조합	1600-1226
[등록취소]미래상조119(주)	송 *  * 	전북-2010-제1호	20100929	2101110062077	418-81-26914	전라북도 전주시 완산구 전라감영5길 20	상 동	1661-8119	mir*******@naver.com	등록취소			360상품	360만원(월3만원×120회) 수의(대마,국내제조), 관(오동나무, 국내제작), 리무진버스(200km제공)	540상품	540만원(월4.5만원×120회) 수의(대마, 국내제조), 관(오동나무,국내제작), 리무진버스(300km제공)	720상품	720만원(월6만원×120회) 수의(대마황실, 국내제조), 관(오동나무,국내제작), 리무진버스(400km제공)	0	0	0	0	0	0	0	0		100		100	150,525,450	0	신한은행	예치계약	0		
[직권말소]예장원라이프㈜[구, ㈜국방상조, (주)대한청년장례인협회][전국상조통합서비스(주)로 흡수합병]	전 *  * 	서울-2014-제144호	20110322	1358110153634	135-86-00260	서울특별시 마포구 만리재로 14	서울특별시 마포구 만리재로 14	02-703-5647	cs*@yejangwonlife.com	폐업	20081201	20190329	예장290(100회/250회)	100회x29,000원 / 250회x11,600원 장례도우미(4인x1일 10시간), 관(고급오동나무45mm), 수의(대마100%), 유족버스(왕복200km)	예장390(100회/250회)	100회x39,000원 / 250회x15,600원 장례도우미 (4인x1일 10시간), 관(고급오동나무45mm), 수의(대마100%), 유족버스,리무진 (각각 왕복200km)	예장500(100회/250회)	100회x50,000회 / 250회x20,000원 장례도우미(6인x1일 10시간), 관(고급솔송나무45mm), 수의(대마100%-수제식), 유족버스,리무진(각각 왕복300km)	383,410,819	132,027,381	515,438,200	2,400	327,217,833	327,220,233	188,217,967	300,000,000	163	100	63	100	280,227,400	50	신한은행	예치계약	140,374,950	신한은행(마포중앙지점)	02-701-9731
[폐업](주)디딤돌의전	차 *  * 	서울-2010-제42호	20101028	1101113655044	204-86-02531	서울 동대문구 답십리로 65길85	상동	1544-2094	ckf***@hanmail.net	폐업	20070416	20151231	디딤돌360	360만원 (월3만,120회) 제단30만원지원, 수의대마, 리무진/버스300km, 장례도우미4명 등	디딤돌480	480만원(월4만,120회) 제단50만원지원, 수의대마, 리무진/버스 전국무료, 장례도우미6명 등			143,995,397	220,004,000	363,999,397	6,266,461	44,308,000	50,574,461	313,424,936	300,000,000	441	100	14	100	68,432,000	63	신한은행	예치계약	43,071,000	신한은행(장안동금융센터지점)	02-2241-7622
[폐업](주)영락상조개발	이 *  * 	부산 2011-35호	20110318	1801110469410	607-81-67233	부산 연제구 연산8동  380-13	부산 연제구 연산8동  380-13	051-851-4500	Lsh****@hanmail.net	폐업		20141103	영락 1호	180만원(3만원*60회) 수의(대마,중국산) 관(오동나무,중국산)	영락 2호	240만원(4만원*60회) 수의(대마,중국산) 관(오동나무 1치 2단) 리무진,버스 중 50%할인	영락 3호	300만원(5만원*60회) 수의(대마,국내산) 관(오동나무 2치 2단) 리무진,버스 중 50%할인	275,633,382	28,333,145	303,966,527	107,334,130	0	107,334,130	196,632,397	300,000,000		100	35	100	109,402,000	5	신한은행	예치계약	5,044,000		
[폐업](주)의전나라	임 *  * 	대전-2011-제18호	20110323	1601110249668	314-86-01542	대전 대덕구 대화동 16-211 두리웨딩홀 별관 2층	상 동	1644-0475	mak******@hanmail.net	폐업	20110323	20170501	메이크윈1호	336만원,후불제 100&#37;	메이크윈2호	396만원,후불제 100&#37;	메이크윈3호	496만원,후불제 100&#37;	0	0	0	0	0	0	0	300,000,000		100		100	0	0	우리은행	예치계약	0		
[폐업]㈜하늘원	이 *  * 	강원-2011-제4호	20110325	1412110013329	224-81-16432	강원도 원주시 흥업면 사제로 539	강원도 원주시 흥업면 사제로 539	1577-7464	lsg****@hanmail.net	폐업	20111101	20190115	390상품	390만(30,000원x130회) 수의(대마, 중국산), 관(오동나무, 중국산), 리무진/장의버스(300km 이내, 무료)등	520상품	520만(40,000원x130회) 수의(대마, 중국산), 관(오동나무, 중국산), 리무진/장의버스(300km 이내, 무료), 하늘원추모관무료안치(단, 1/8단)등			855,501,538	720,576,296	1,576,077,834	970,355,283	322,653,000	1,293,008,283	283,069,551	400,000,000	188	100	82	100	335,235,000	50	신한은행	예치계약	167,713,100	신한은행(원주금융센터)	033-742-2851
더케이예다함(주)[(구)더케이예다함상조(주), 구[더케이라이프(주)]]	김 *  * 	서울-2010-제2호	20100929	1101114169862	101-86-49300	서울특별시 마포구 마포대로 86	서울특별시 마포구 마포대로 86	1566-6644	fin****@thekyedaham.co.kr	정상영업	20090902		윤슬 4호	430만원(43,000*100회, 34,400*125회, 25,000*172회, 21,500*200회), 장례지도사(장례진행 1명, 염습지원 1명)/장례도우미(총3명, 1일1명 최대8시간)/입관용품일체/고인이송차량(비용발생시 최대 8만원지급)/버스(왕복 200km) 또는 리무진(왕복 200km) 택1/남녀 현대식 상복(각3벌) 및 전통 상복 대여/봉안함/횡대(오동나무)/광보/관(오동나무)/수의(대마)	윤슬 5호	560만원(35000*160회, 25,000*224회, 20,000*280회, 15,000*374회), 장례지도사(장례진행 1명, 염습지원 1명)/장례도우미(총4명, 1일1명 최대8시간)/입관용품일체/고인이송차량(비용발생시 최대 8만원지급)/버스(왕복 200km) 또는 리무진(왕복 200km)/남녀 현대식 상복(각4벌) 및 전통 상복 대여/봉안함/횡대(오동나무)/관보/관(오동나무)/수의(대마)/제단장식, 기타용품 세트	윤슬 6호	580만원(45,000*145회, 36,250*160회, 29,000*200회), 장례지도사(장례진행 1명, 염습지원 1명)/장례도우미(총5명, 1일1명 최대8시간)/입관용품일체/고인이송차량(비용발생시 최대 8만원지급)/버스(왕복200km), 리무진(왕복200km)/남녀 현대식 상복(각5벌) 및 전통 상복 대여/봉안함/횡대(오동나무)/관보/관(향나무)/수의(대마)/제단장식, 기타용품세트	81,518,760,757	836,681,960,695	918,200,721,452	10,990,042,464	798,710,525,512	809,700,567,976	108,500,153,476	50,000,000,000	113	100	88	100	805,959,819,420	51	우리은행/신한은행/KEB하나은행/전북은행/수협은행/SC제일은행	지급보증/지급보증/지급보증/지급보증/지급보증/지급보증	33905347950/108202762425/134855640180/18437324050/17101130380/96422305540	우리은행(여의도중앙금융센터), 신한은행(여의도기업금융센터), KEB하나은행(내자동지점), 전북은행(여의도지점), 수협은행(강남금융센터), sc제일은행(본점)	02-783-4101, 02-786-2284, 02-738-0107,  02-782-4316,  02-2051-8315,02-3702-4391
늘곁애라이프온(주)[구.라이프온(주),구.부산상조(주)]	조 *  * 	부산-2010-제3호	20101015	1801110043917	604-81-04641	부산광역시 연제구 중앙대로 1066	부산광역시 연제구 중앙대로 1066	1577-6250	san***@aidclub.com	정상영업	19820416		늘곁애300	300만원(월20,000원*150회), 장례지도사 2명(장례진행주관1명, 염습지원1명), 접객도우미 8시간 3명, 버스/리무진 중 택1(왕복 100km), 접객용품, 오동나무관, 기타 입관용품, 추모서비스	늘곁애420	420만원(월28,000원 * 150회) 장례지도사 2명(장례진행주관1명, 염습지원1명), 접객도우미 8시간 4명, 버스/리무진(왕복 200km), 접객용품, 오동나무관, 기타 입관용품, 추모서비스	늘곁애525	525만원(월35,000원*150회) 장례지도사 2명(장례진행주관1명, 염습지원1명), 접객도우미 8시간 5명, 버스/리무진(왕복 400km), 접객용품, 오동나무관, 기타 입관용품, 추모서비스	63,008,366,484	74,561,422,553	137,569,789,037	4,817,062,652	123,837,818,695	128,654,881,347	8,914,907,690	1,500,030,000	107	100	94	100	124,544,298,330	50	부산은행/신한은행	지급보증/지급보증	56300000000/6065647500	부산은행 연산동지점, 신한은행 서부산유통단지BC	051-865-1601, 051-832-5513
[폐업](주)클럽리치홀딩스	강 *  * 	경남-2015-제25호	20101013	1101114353233	104-86-28361	창원시 마산회원구 북성로 258  (석전동,2층)	경상남도 창원시 마산회원구 북성로 258	055-637-1717	cgj**@lycos.co.kr	폐업	20100518	20150707	리치서비스1호	300만원 (월25,000원ⅹ120회) 대마 100% 수의, 관(오동나무 1.5치), 리무진(왕복 150km내) 등	리치서비스2호	390만원 (월30,000원ⅹ130회) 대마 100% 수의, 관(오동나무 1.5치), 리무진(왕복 200km내) 등	리치서비스3호	480만원 (월40,000원ⅹ120회) 대마100% 고급수의, 관(오동나무2단), 리무진(왕복 400km내) 등	112,621,570	527,605,400	640,226,970	730,380,894	0	730,380,894	-90,153,924	310,000,000		100	114	100	0	0	우리은행	예치계약	0	우리은행(법조타운지점), 하나은행(을지로기업센타)	02-587-7636
(주)지우라이프상조[구.(주)신장상조]	조 *  * 	충북-2011-2호	20110308	1511110033187	303-81-52482	충청북도 음성군 대소면 대금로 888-8	충청북도 음성군 대소면 대금로 888-8	1544-0118	jiw******@naver.com	정상영업	20080917		상품300	300만원(10,000*300회) 상조상품, 크루즈여행 선택사항	상품450	450만원(15,000*300회) 상조상품, 크루즈여행 선택사항	상품450(특임)	390만원(15,600*250회, 19,500*200회, 22,940*170회) 상조상품, 크루즈여행 선택사항	1,131,111,481	856,375,547	1,987,487,028	16,422,772	565,050,431	581,473,203	1,406,013,825	1,500,000,000	348	100	29	100	491,627,900	50	국민은행	예치계약	245,813,950	국민은행 충주지점	043-849-8204
[등록취소](주)국방복지라이프	이 *  * 	서울-2010-제38호	20101022	1101114199942	106-86-67787	서울시 용산구 한강대로 50길 15,2층(한강로2가, 한강빌리지)	상 동	02-790-9875	guk****@naver.com	등록취소	20091016		280상품	280만원(월28,000원*100회) 수의(대마, 원산지:중국,제조지:한국)  관(오동나무,원산지:중국,제조지:한국), 캐딜락리무진 왕복 200km 무료, 장의버스 왕복 200km 무료, 도우미 3명 지원	380상품	380만원(월38,000원*100회) 수의(대마, 원산지:중국,제조지:한국)  관(오동나무,원산지:중국,제조지:한국), 캐딜락리무진 왕복 400km 무료, 장의버스 왕복 400km 무료, 도우미 4명 지원	480상품	480만원(월48,000원*100회) 수의(대마, 원산지:중국,제조지:한국)  관(솔송관,원산지:중국,제조지:한국), 캐딜락리무진 왕복 200km 무료, 장의버스 왕복 200km 무료, 도우미 5명 지원	1,004,138,357	70,417,835	1,074,556,192	989,203,649	3,239,756,800	4,228,960,449	-3,154,404,257	300,000,000	-8	100	394	100	0	0	신한은행	예치계약	0		
[등록취소]한솔라이프(주) (구,한솔상조(주))	김 *  * 	서울-2010-제9호	20100929	1901110057825	608-81-59963	서울시 구로구 공원로 71 4층	상동	1588-5589	web******@hansollife.kr	등록취소	20050720		한솔297	30,000원*99회 버스,리무진(택1. 시(군)내무료제공), 관(오동나무,국내산), 수의(저마100&#37;,중국)	한솔396	30,000원*132회 버스,리무진(택1. 시(군)내무료제공), 관(오동나무,국내산), 수의(저마100&#37;,중국)	한솔490	35,000원*140회 버스,리무진(택1. 시(군)내무료제공), 관(오동나무,국내산), 수의(저마100&#37;,중국)	2,441,950,448	1,402,139,655	3,844,090,103	2,303,696,433	9,876,864,000	12,180,560,433	-8,336,470,330	390,000,000	22	100	317	100	10,669,946,000	50	한국상조공제조합	공제계약	5,334,973,000		
(주)삼육리더스라이프[구.(주)삼육리더스상조]	양 *  * 	서울-2010-제25호	20101011	1101114423945	204-86-22857	서울특별시 동대문구 망우로 82	서울특별시 동대문구 망우로 82	1800-3636	sda****@daum.net	정상영업	20080121		삼육420	420만원(17,500원*240회/35,000원*120회) 관(오동나무), 수의(대마 100%), 리무진(300km 이내 무료제공) 등					4,368,660,518	14,721,985,014	19,090,645,532	13,841,726,769	116,847,370	13,958,574,139	5,132,071,393	1,500,000,000	137	100	73	100	13,631,333,000	52	우리은행	예치계약	7,036,765,455	우리은행 중랑교금융센터	02-432-7661
[직권말소]에덴기독교상조(주)	이 *  * 	충북-2011-제4호	20110310	1501110122056	301-86-00829	충청북도 청주시 서원구 사운로85번길 31	충청북도 청주시 서원구 사운로85번길 31	1544-4491	did******@naver.com	폐업	20090203	20190312	에덴4호	300만원(3만원X100회) 수의(국산인견, 속삼베 중국산, 대마100%), 관(중국산, 오동나무 30mm), 리무진(왕복 200km 이내 무료제공)	에덴3호	396만원(4만원X99회) 수의(선염, 속삼베 중국산, 대마100%), 관(중국산,오동나무 45mm), 리무진(왕복 300km 이내 무료제공)	효도형	525만원(5만원X105회) 수의(선염, 속삼베(흉배포함), 중국산, 대마100%), 관(중국산, 오동나무 1단 45mm), 리무진(왕복 500km 이내 무료제공)	455,625,204	212,610,000	668,235,204	27,038,910	324,747,532	351,786,442	316,448,762	300,000,000	198	100	53	100	312,798,000	50	신한은행	예치계약	157,251,112	신한은행 충북영업부금융센터	043-220-7415
보람상조리더스(주) [구,보람재향상조(주), (주)재향군인회상조회, 주식회사향군가족]	오 *  *  *  *  *  *  * 	서울-2011-제67호	20110105	1101113352690	215-86-78803	서울특별시 중구 세종대로 73	서울특별시 중구 세종대로 73	1588-7979	bor******@boram.com	정상영업	20051201		마이스터 35	499만원(35,000원*142회,20,000원*1회), 오동나무관, 명품수의, 트래버스 리무진 사용(왕복200km무료), 행사복지사 1명, 의전관리사(3명/24시간), 디지털 앨범 제작 등[요약]	마이스터 40	599만원(40,000원*149회,30,000원*1회), 오동나무관, 특 명품수의, 트래버스 리무진 사용(왕복400km무료), 행사복지사 1명, 의전관리사(4명/32시간), 디지털 앨범 제작 등[요약]	헤리티지959	699만원(35,000원*199회+25,000원*1회), 오동나무관, 특 명품수의, 트래버스 리무진 사용(왕복400km무료), 행사복지사 1명, 의전관리사(4명/32시간), 디지털 앨범 제작 등[요약]	80,016,046,186	249,838,906,678	329,854,952,864	33,567,331,650	347,752,060,262	381,319,391,912	-51,464,439,048	1,500,000,000	85	100	116	100	347,658,408,257	50	한국상조공제조합	공제계약	173,829,204,129	한국상조공제조합	1688-0972
[등록취소]㈜두레세상	안 *  * 	대전-선불식-할부거래업-9	20101223	1601110213390	314-81-85187	대전시 서구 용문동 277-9 5층 501호	상동	1588-3147	doo*****@hanmail.net	등록취소	20061024		299상품	299만원(29,900*100),(23,000*130) 수의(대마100%,중국,제조-국내),관(오동,중국,제조-국내),버스&캐딜락 중 택1-왕복200km	390상품	390만원(39,000*100),(30,000*130) 수의(대마100%,중국,제조-국내),관(오동,중국,제조-국내),버스+캐딜락-왕복300km	455상품	455만원(45,500*100),(35,000*130) 수의(대마100%,중국,제조-국내),관(오동,중국,제조-국내),버스+캐딜락-전국무료	5,578,287,471	1,267,211,780	6,845,499,251	8,002,616,329	0	8,002,616,329	-1,157,117,078	400,000,000	83	100	117	100	7,478,486,200	40	한국상조공제조합	공제계약	2,991,394,480		
[폐업](주)한동라이프	민 *  * 	대구-2011-29호	20110303	2301110140754	610-81-91063	대구 중구 삼덕동2가 210-1 진석타워 1605호	대구 중구 삼덕동2가 210-1 진석타워 1605호	052-271-0042	pos*****@naver.com	폐업		20130725	일반형	180만원(30,000×60)	골드형	240만원(40,000×60)	럭셔리형	360만원(60,000×60)	0	0	0	0	0	0	0	300,000,000		100		100	54,855,000	20	우리은행	예치계약	10,971,000		
[직권말소]우리상조(주)	김 *  * 	광주-2011-제6호	20110317	2001110255822	410-86-17584	광주광역시 광산구 풍영정길 65-1	상동	062-953-4444	yjy****@daum.net	폐업	20080229	20190220	실버형	수의(대마100%: 중국원단, 기계직), 오동나무1단관(0.6치/1.8cm, 원산지 중국), 장의버스, 도우미2명, 검정양복, 여상복,영좌꽃장식(바구니 2개), 장례지도사	골드형	360만원 수의(대마100%: 중국원단, 기계직), 오동나무2단관(1치/2.7cm, 원산지 중국), 장의버스, 도우미4명, 검정양복, 여상복,영좌꽃장식(낱개2개,바구니 2개), 장례지도사	VIP형	480만원 수의(대마100%: 중국원단, 기계직), 향나무관(1.5치/4.2cm, 원산지 중국), 장의버스, 도우미6명, 검정양복, 여상복,영좌꽃장식(낱개4개,바구니 2개), 장례지도사	496,617,663	40,004,000	536,621,663	305,971	331,110,000	331,415,971	205,205,692	300,000,000	161	100	62	100	331,720,000	17	국민은행	예치계약	54,985,104	국민은행(용봉동지점)	062-531-0293
[직권말소]로얄라이프(주)[(주)좋은세상으로 흡수합병]	조 *  * 	2011-강원-7호	20110412	1401110030631	221-81-27264	강원도 춘천시 영서로2291번길 16	강원도 춘천시 영서로2291번길 16	1588-5569	cho****@naver.com	폐업	20060302	20190128	ROYAL 696	696만원(월12만원*58회) 수의(대마,국내산), 관(오동나무, 중국산), 리무진(전국무료), 상복(남,여:직계제공)					243,341,917	428,978,840	736,708,377	201,752,334	2,538,396,054	2,740,148,388	-2,003,440,011	300,000,000	18	100	372	100	711,721,372	50	신한은행	예치계약	355,860,686		
[등록취소](주)샤론엠파이어	김 *  * 	대전-2010-제8호	20101206	1601110267339	305-86-01077	대전시 대덕구 한밭대로 1201(충리동) 402호	좌동	042-627-9975	kal******@naver.com	등록취소	20091216		패밀리(화장용)	292만원(40,000원*73회)화장용관, 오동1.5횡대, 25인승(20km)	샤론	390만원(50,000원*78회)오동관(1,5치), 35인승(50km무료)	샤론골드	600만원(50,000원*100회)오동2단관(1.5치), 45인승(100km무료)	269,568,014	17,423,453	286,991,467	1,309,364	0	1,309,364	285,682,103	300,000,000	295	100	0	100	167,440,000	2	국민은행	예치계약	3,507,692	국민은행(대전 중부지점)	042-254-0658
[등록취소]온라이프㈜[구, 온복지라이프㈜]	김 *  * 	울산2014-제11호	20110330	1801110750140	605-86-05293	울산광역시 남구 번영로201번길 35-1	울산광역시 남구 번영로201번길 35-1	1800-6201	err********@hanmail.net	등록취소	20110310		on180	180만원(월1.5만원*120회) 장의, 웨딩, 돌, 칠순 및 팔순	on240	240만원(월2만원*120회) 장의	on360	360만원(월3만원*120회) 장의, 웨딩	556,376,583	12,173,584	568,550,167	27,147,573	518,096,416	545,243,989	23,306,178	400,000,000	103	100	96	100	845,881,000	6	국민은행	예치계약	48,157,279	국민은행(부산역지점)	051-209-8036
[등록취소]보성라이프(주)	유 *  * 	서울-2010-제30호	20101013	1101113368910	212-81-74273	서울시 강동구 천호대로 1186, 2층(둔촌동, 원경빌딩)	서울시 강동구 천호대로 1186, 2층(둔촌동, 원경빌딩)	1588-9449	bos***@insfamily.com	등록취소			가족사랑 240	240만원 ( 월2만원 X 120회 ) 수의(대마, 제조:국내산) 관(오동나무,중국산) , 리무진 500km 편도 or 버스 왕복 500km 택일	가족사랑 360	360만원 ( 월3만원 X 120회 ) 수의(대마, 제조:국내산) 관(오동나무,중국산) , 리무진 300km 편도 및 버스  300km 왕복	가족사랑 480	480만원 ( 월4만원 X 120회 ) 수의(대마, 제조:국내산) 관(오동나무,중국산) , 리무진 500km 편도 및 버스 500km 왕복	3,541,911,184	441,437,841	3,983,349,025	4,336,960,928	8,000,000	4,344,960,928	-361,611,903	300,000,000		100	109	100	4,709,025,878	16	우리은행	예치계약	735,859,747		
[폐업]한국협동상조(주)	오 *  * 	대전-선불식할부거래업-14	20110317	1601110191562	314-81-75049	대전 동구 삼성동  294-1번지 대일빌딩 5층	대전 동구 삼성동  294-1번지 대일빌딩 5층	042-635-8301	yub******@naver.com	폐업		20130701							0	0	0	0	0	0	0	300,000,000		100		100	0	0	우리은행	예치계약	0		
[직권말소](주)하늘지기장례토탈서비스	전 *  * 	서울-2010-제50호	20101116	1101113674086	105-87-09438	서울특별시 강남구 테헤란로8길 33	서울특별시 강남구 테헤란로8길 33	1544-4526	han*******@daum.net	폐업	20070518	20190308	골드형	398만원(회원가입비98만원, 행사 이행과 동시에 300만원) 수의(대마,원산지:중국산,제조:국내산) 관(오동나무,중국산) 리무진(전국무료 등)					238,290,091	3,785,066	242,075,157	170,716,691	2,309,562,968	2,480,279,659	-2,238,204,502	300,000,000	2	100	1025	100	2,289,404,908	0	국민은행	예치계약	3,553,338	국민은행 성산동 지점	1588-9999
㈜좋은세상[구, ㈜새마을상조복지]	조 *  * 	경기(2)-2010-02	20101129	2850110162747	128-86-41531	경기도 안양시 만안구 박달로 406	경기도 안양시 만안구 박달로 406	1588-6550	joe***********@naver.com	정상영업	20090830		VIP 735	735만원(계약금 15만원+12만원X60회)  수의(대마,국내산), 관(오동나무,중국산), 리무진(전국무료), 도우미4명(1일8시간)					854,800,960	4,934,523,067	5,789,324,027	158,522,519	8,936,614,430	9,095,136,949	-3,305,812,922	1,500,300,000	-1478	100	157	100	209,444,846	50	우리은행	예치계약	104,722,423	우리은행(대화지점)	031-918-0541
[폐업](주)드림상조종합이벤트	백 *  * 	경기-2010-06호	20101102	1348110166208	124-86-73399	경기도 오산시 경기대로25번길 14	상 동	031-378-4424	cco******@naver.com	폐업	20081119	20190124	드림300	300만원(3만원*100회) 회갑, 칠순, 장례 中 택1	드림360	360만원(4만원*90회) 수의(원산지중국) 제조(한국대마 100%) 리무진(200Km이내 무료)등	드림450	450만원(5만원*90회) 수의(원산지중국) 제조(한국대마 100%) 리무진(300Km이내 무료)등	378,514,546	28,901,735	407,416,281	264,478,543	0	264,478,543	142,937,738	300,000,000	175	100	65	100	153,420,000	53	우리은행	예치계약	81,401,000		
[폐업]삼성상조㈜	이 *  * 	부산-2010-제7호	20101027	1801110185305	605-81-22297	부산광역시 부산진구 중앙대로702번길 43	상동	051-816-8260	son******@hanmail.net	폐업	19950714	20161128	일반형	350만(5만x70) 수의(대마/중국산),관(오동나무/중국산),장의차보조금	골드형	480만(8만x60) 수의(대마/중국산),관(향나무/중국산),장의차보조금	프리미엄형	600만(10만x60) 수의(대마/중국산),관(향나무/중국산),장의차보조금	1,323,758,116	590,868,149	1,914,626,265	2,478,574,675	0	2,478,574,675	-563,948,410	300,000,000	83	100	129	100	3,240,740,000	50	상조보증공제조합	공제계약	1,620,370,000		
[등록취소]㈜제일상조	정 *  * 	경기-2010-제02호	20101005	1101113561663	120-87-08118	경기도 하남시 서하남로451번길 13-23	상 동	1577-4464	aur***@naver.com	등록취소	20061124		황제4품 192상품	192만원(20,000원*96회) 수의(대마, 중국(명주고급,중국산) 관(오동나무, 중국산), 버스(관내무료)	황제4품 276상품	276만원(30,000원*92회) 수의(대마, 중국산) 관(오동나무, 중국산) 버스, 리무진(택1 200km이내무료)	황제4품 396상품	396만원(30,000원*132회) 수의(대마, 중국산) 관(오동나무, 중국산) 버스, 리무진(왕복300km이내무료)	2,621,056,965	1,186,594,446	3,807,651,411	5,113,295,042	0	5,113,295,042	-1,305,643,631	300,000,000	58	100	134	100	3,845,972,000	50	상조보증공제조합	공제계약	1,922,986,000	상조보증공제조합	1600-1226
[등록취소](주)AS상조	김 *  * 	강원-제1호	20120629	1411110030086	226-81-36619	강원도 강릉시 율곡로 3034 (교동)	상동	1566-8414	tpr******@nate.com	등록취소	20070501		수퍼클래스	480만원(4만*120회) 수의(대마,중국산) 관(오동나무,중국산),리무진(전국무료),버스(전국무료)	AS360	360만원(3만*120회) 수의(대마,중국산) 관(오동나무,중국산),리무진(300km),버스(300km)			7,917,685,204	4,395,002,635	12,312,687,839	899,836,092	16,524,193,105	17,424,029,197	-5,111,341,358	350,000,000	66	100	142	100	15,078,828,193	50	한국상조공제조합	공제계약	7,539,414,096		
[직권말소]아너스라이프(주)[구,(주)이앤라이프,(주)애경사복지원]	최 *  * 	서울-2011-제102호	20110329	1101113340918	212-81-73745	서울특별시 강남구 삼성로81길 39	서울특별시 강남구 삼성로81길 39	1644-3349	adi***@naver.com	폐업	20051111	20190308	실버	180만원 (20,000원*90회),수의(저마,중국산), 관(오동나무,중국산), 차 100km	골드	240만원 (30,000원*80회),수의(대마,중국산), 관(오동나무, 중국산), 차 200km	로얄	360만원 (40,000원*90회),수의(대마,중국산), 관(오동나무,중국산), 차 400km	218,498,432	59,775,993	278,274,425	0	19,260,000	22,080,000	256,194,425	300,000,000	1445	100	8	100	9,858,000	100	신한은행	예치계약	9,901,810	신한은행 (풍납동지점)	02-479-0177
[폐업](주)위드라이프그룹[구.(주)한강상조]	오 *  * 	서울-2010-제62호	20101224	1101113346205	212-81-73804	서울특별시 송파구 올림픽로35다길 32	서울특별시 송파구 올림픽로35다길 32	1688-2877	adm**@with-life.com	폐업	20051123	20241104	480만원형	480만원(3만원 x160회) 수의(대마, 중국산), 관(오동나무, 중국산), 리무진(화장장까지 무료), 버스(거리제한없음)	396만원형	396만원(3만원x132회) 수의(저마, 중국산), 관(오동나무, 중국산), 리무진/버스 중 택일(왕복 200km)	264만원형	264만원(2만원x132회) 수의(저마, 중국산), 관(오동나무, 중국산), 리무진/버스 중 택일(왕복 60km)	801,966,820	21,949,559,790	22,751,526,610	1,000,241,985	49,507,164,863	50,507,406,848	-27,755,880,238	2,440,000,000	44	100	222	100	37,162,423,780	50	상조보증공제조합	공제계약	18,581,211,890	상조보증공제조합	1600-1226
[등록취소](주)이화상조	서 *  * 	경남2010-제05호	20101020	1911110032834	613-81-37127	경남 진주시 진양호로 427-1, 2층	상동	1577-2008	yih******@nate.com	등록취소	20050401		480만원 상품	480만원(4만원*120회) 장의서비스, 웨딩서비스, 돌상품, 칠순상품	396만원 상품	396만원(33천원*120회) 장의서비스, 웨딩서비스, 돌상품, 칠순상품	288만원 상품	288만원(24천원*120회) 장의서비스, 웨딩서비스, 돌상품, 칠순상품	4,070,242,459	3,556,606,847	7,626,849,306	14,776,526,921	400,000,000	15,176,526,921	-7,549,677,615	300,000,000	41	100	199	100	12,570,643,949	50	한국상조공제조합	공제계약	6,285,321,975	한국상조공제조합	1688-0972
더좋은라이프(주)[구, 우림종합상조(주), 우림라이프(주)]	최 *  * 	서울-2010-제41호	20101027	1101113878951	113-86-21120	서울특별시 영등포구 선유동2로 64	상동	1644-7934	wsj****@nate.com	정상영업	20080510		더좋은하이브리드698	300만원(2,000x60회+16,000x180회) 수의(대마, 중국), 관(오동나무), 고인전용리무진 전국무료(1차 장지) 등	더좋은라이즈498	300만원(0x60회+15,000x200회) 수의(대마, 중국), 관(오동나무), 고인전용리무진 전국무료(1차 장지) 등	더좋은통신결합240	120만원((0x36회+10,000x120회) 수의(대마, 중국), 관(오동나무), 고인전용리무진 전국무료(1차 장지) 등	28,888,416	1,434,808,344	1,463,696,760	60,438,166	2,054,623,562	2,115,061,728	-651,364,968	1,500,000,000	59	100	145	100	1,680,458,600	50	신한은행	예치계약	840,229,300	신한은행 구로디지털금융센터	02-2108-6410
제이에이치라이프(주)[구,주현의료법인상조(주)]	주 *  * 	부산-2015-43호	20100917	1101113337436	108-81-72942	부산광역시 부산진구 개금온정로 5	상동	1644-0866	k4s***@nate.com	정상영업	20051107		450상품	450만(월45,000*100회) 수의(대마,중국), 관(오동나무,중국), 도우미5명, 리무진+버스 전국무료	450상품	450만(월30,000원*150회) 수의(대마,중국), 관(오동나무,중국), 도우미5명, 리무진+버스 전국무료			21,502,156	3,760,496,398	3,781,998,554	7,199,605,044	5,259,837,950	12,459,442,994	-8,677,444,440	1,500,000,000	-66	100	329	100	5,148,171,950	50	한국상조공제조합	공제계약	2,574,085,975	한국상조공제조합	1688-0972
[등록취소](주)상조서비스 사임당	박 *  * 	제주-2010-제2호	20101020	2201110063213	616-81-63191	제주 제주시 삼도1동	제주 제주시 삼도1동	1588-4044	dhe***@hanmail.net	등록취소			고급형1	360만원(월3만원*120회),수의(대마,중국),관(오동,중국),리무진(전국무료) 등	명품형	480만원(월4만원*120회),수의(대마,중국),관(솔송,중국),리무진(전국무료) 등	고급형2	390만원(월3만원*130회),수의(대마,중국),관(오동,중국),리무진(400km무료)등	675,501,407	69,266,980	744,768,387	1,556,911,302	0	1,556,911,302	-812,142,915	450,000,000		100	209	100	994,510,000	8	우리은행	예치계약	81,600,000		
(주)소노스테이션(구.(주)대명스테이션(주)대명라이프웨이, 기안라이프웨이)	최 *  * 	강원-2021-제1호	20101224	1101114488816	220-88-09321	강원도 홍천군 서면 한치골길 262	강원도 홍천군 서면 한치골길 262	1588-8511	imr****@daemyungsono.com	정상영업	20101210		프라임라이프 297	282만원 (18000원*150회) 관(오동나무), 수의(대마100%), 리무진, 버스(왕복200km) 택1, 장례도우미 3인, 대명상품권 5만원 제공(13회차)	프라임라이프 399	375만원 (25000원*150회)  관(오동나무), 수의(대마100%), 리무진, 버스(왕복200km), 장례도우미 4인,  일회용식기(150인), 편의용품 제공, 대명상품권 10만원 제공(12회차)	프라임라이프 498	465만원 (31000원*150회) 관(오동나무), 수의(대마100%), 리무진, 버스(왕복300km), 장례도우미 4인,  일회용식기(300인), 편의용품 제공, 대명상품권 15만원 제공(12회차)	274,777,407,273	1,010,125,708,600	1,284,903,115,873	22,391,330,239	1,485,327,582,875	1,507,718,913,114	-222,815,797,241	10,000,000,000	84	100	117	100	1,475,626,132,182	50	상조보증공제조합/sh수협은행	공제계약/지급보증	737595183331/217882760	상조보증공제조합, sh수협은행 영등포금융센터	1600-1226, 02-2676-9710
(주)예사랑라이프	박 *  * 	경기-2011-08	20110316	1211110185968	130-86-42101	경기도 부천시 부일로 226	경기도 부천시 부일로 226	032-329-0080	ysr****@naver.com	정상영업	20090427		통합 264	264만원(2만원*132회) 수의(저마, 중국산), 관(오동나무, 중국산), 리무진(왕복 100km)	통합 396	396만원(3만원*132회) 수의(대마, 중국산), 관(오동나무, 중국산), 리무진(왕복 200km)	예사랑 450	450만원(1만8천원*250회) 수의(대마, 중국산), 관(오동나무, 중국산), 리무진(왕복 200km)	4,633,925,768	636,470,287	5,270,396,055	4,999,046,429	1,226,699,700	6,225,746,129	-955,350,074	1,500,000,000	22	100	118	100	1,263,882,700	50	신한은행	예치계약	631,941,350	신한은행 부천기업금융센터	032-654-4600
㈜웅진프리드라이프(구.(주)프리드라이프)	문 *  * 	서울-2010-제4호	20100929	2301110083681	610-81-56858	서울특별시 중구 세종대로 14	상동	1588-3740	adm**@preed.co.kr	정상영업	20020221		늘사랑	495만원(1만5천원*330회) 관(오동나무관) 수의(대마100%) 리무진 및 장의버스(전국무료) 등	웅진프리드450	450만원(3만원*150회/18,750원*240회) 관(오동나무관)수의(대마100%) 리무진 및 장의버스(왕복 300km 이내 무료) 등	웅진프리드540	540만원(3만6천천원*150회/월22,500원*240회)  관(오동나무관)수의(대마100%) 리무진 및 장의버스(전국무료) 등	406,577,926,467	2,875,697,712,844	3,282,275,639,311	55,292,129,560	2,975,778,744,925	3,031,070,874,485	251,204,764,826	8,036,230,000	108	100	92	100	2,973,423,161,596	51	부산은행/IM뱅크(구.대구은행)/수협은행/IBK기업은행/하나은행/신한은행/신한은행/우리은행/우리은행/국민은행	지급보증/지급보증/지급보증/지급보증/지급보증/지급보증/예치계약/지급보증/예치계약/지급보증	18000000000/418000000000/150000000000/97000000000/227000000000/175000000000/17108717869/300000000000/82172891483/19456725902	우리은행(여의도북지점), 신한은행(여의도금융센터), 수협은행(강남기업금융본부), 하나은행(영업1부), IM뱅크(성남영업부), 기업은행(평촌범계역지점), 국민은행(대기업1센터2부), 부산은행(서울금융센터)	02-785-7100, 02-786-2284,02-2002-1126, 031-429-4062, 02-2051-8315, 031-8085-0646, 02-2073-2921,02-785-6124
[직권말소](주)동행라이프[구,㈜신두레상조]	강 *  * 	광주-2016-제1호	20160412	1313110035167	125-81-35826	광주광역시 북구 금남로115번길 31	상 동	1899-3611	rkd*********@hanmail.net	폐업	20010201	20190220	동행396	396만원(39,600*100회) 수의(대마,중국산) 관(오동나무,중국산), 리무진 200km이내 무료제공	동행496	496만원(49,600*100회) 수의(대마,중국산) 관(오동나무,중국산), 리무진 400km이내 무료제공	동행396	396만원(39,600*100회) 결혼 및 크루즈여행	330,287,541	90,225,814	420,513,355	756,409	0	756,409	419,756,946	300,000,000	486	100	0	100	101,588,800	49	우리은행	예치계약	50,278,000	우리은행(광주지점)	062-223-4341
(주)더피플라이프[구.금강종합상조(주)]	차 *  * 	서울-2010-제46호	20101102	1101113304419	105-86-83519	서울특별시 마포구 신촌로12길 4	서울특별시 마포구 신촌로12길 4	1588-4471,1577-3411	inf*@thepeoplelife.co.kr	정상영업	20051001		더피플600	480만원(18,000x266회+12,000) 수의(대마, 원산지: 중국, 제조지역: 한국), 관(오동나무, 중국산), 리무진/버스 (전국 무료제공) 등	더피플520	450만원(18,000x250회) 수의(대마, 원산지: 중국, 제조지역: 한국), 관(오동나무, 중국산), 리무진/버스 (전국 무료제공) 등	더피플450	390만원(15,000x260회) 수의(대마, 원산지: 중국, 제조지역: 한국), 관(오동나무, 중국산), 리무진/버스 (전국 무료제공) 등	126,691,239,930	244,133,411,338	370,824,651,268	3,877,085,348	380,120,679,367	383,997,764,715	-13,173,113,447	1,500,000,000	96	100	104	100	389,411,666,975	50	상조보증공제조합/상조보증공제조합	공제계약(여행상품)/공제계약(상조상품)	113050000/194592783487		
[등록취소](주)신한라이프	이 *  * 	경남-2010-제09호	20101213	1801110341626	607-81-51575	경상남도 창원시 마산회원구 3·15대로 679-1	경상남도 창원시 마산회원구 3·15대로 679-1	1644-4427	aeg******@naver.com	등록취소	20001111								42,005,626	5,000,000	226,077,800	88,020,375	0	88,020,375	138,057,425	300,000,000	-738	100	39	100	4,894,692	100	국민은행	예치계약	4,894,692	국민은행(마산역지점)	055-296-4330
[폐업](주)한국기독상조	이 *  *  *  *  *  * 	서울-2011-제77호	20110228	1101114162551	114-86-75240	서울특별시 서초구 동광로3길 106	상 동	1577-4491	ghy*****@naver.com	폐업	20090820	20181011	VIP Silver	300만원(3만원*100회) 수의(대마, 중국산), 관(오동나무, 중국산), 리무진(왕복200Km이내 무료제공) 등	VIP Gold	360만원(3만원*120회) 수의(대마, 중국산), 관(오동나무, 중국산), 리무진(전국무료) 등	VIP Premium	480만원(4만원*120회) 수의(대마, 중국산), 관(은행나무, 국내산), 리무진(전국무료) 등	404,882,614	67,962,019	472,844,633	682,975,000	0	682,975,000	-210,130,367	300,000,000	70	100	144	100	705,906,750	59	우리은행	예치계약	417,629,000	우리은행(방배본동지점)	02-592-6671
[폐업](주)낙원종합상조	전 *  * 	서울-2010-제36호	20150508	1101111871379	204-81-47187	성북구 정릉로 21가 길15, 401호	상 동	1588-9417	ese****@naver.com	폐업	20090826	20160120	효에머랄드	360만원(3만원*120) 수의대마(중국산), 관(오동나무, 중국산), 리무진 버스(200km)	효다이아몬드	540만원(4만5천원*120) 수의대마(중국산), 관(2단오동나무), 리무진 버스(전국무료)			341,831,435	46,193,000	388,024,435	209,146,464	20,000,000	229,146,464	158,877,971	300,000,000	192	100	59	100	172,437,000	50	신한은행	예치계약	86,827,500	신한은행(정릉지점)	02-918-9641
[폐업](주)상부상조[구,(주)다은라이프]	이 *  * 	부산-2011-제26호	20110308	1801110537134	605-81-75173	부산광역시 부산진구 동평로 168	상 동	051-867-4202	kbs**@hanmail.net	폐업	20091101	20170420	상부상조 240	240만원(월3만X80회)  오동나무관, 진삼베수의, 버스	상부상조 360	360만원(월3만X120회) 오동나무관, 대마수의, 버스	상부상조 480	480만원(월4만X120회)  오동나무관, 고급대마수의, 버스	99,121,725	9,290,000	108,411,725	298,428,979	0	298,428,979	-190,017,254	300,000,000	4	100	275	100	189,929,000	54	신한은행	예치계약	103,327,000	신한은행(동래지점)	051-557-3491
㈜아이넷라이프[구, 새하늘상조]	이 *  * 	서울-2011-제86호	20110315	1341110152813	138-81-39828	서울특별시 서초구 양재천로11길 34	서울특별시 서초구 양재천로11길 34	1800-9001,1577-4244	ine*****@daum.net	정상영업	20070425		고급형	399만원(39,900*100회) 수의(대마, 원사-중국/제조-국내), 관(오동나무, 중국산), 버스(300km이내 무료제공), 리무진(300km이내 무료제공), 도우미(50시간) 등					1,271,378,196	8,882,582,302	10,153,960,498	154,108,615	8,707,508,211	8,861,616,826	1,292,343,672	2,010,000,000	115	100	87	100	8,195,561,700	50	우리은행	예치계약	4,132,830,350	우리은행(양재남금융센터)	02-579-1840
[폐업](주)스카이뱅크상조	이 *  * 	대전-선불식할부거래업-11	20110223	1601110208359	314-81-82967	대전 서구 갈마로 178 4층	대전 서구 갈마로 178 4층	042-535-8718	don***@hanmail.net	폐업		20130903	sky(g)	(후불)화장598만원/매장698만원-안치실,염습실,분향실(30평),리무진(도서지방별도),수의(겉감:레이온사(러시아)안감:대마(중국산)제직(국내))	sky(sd)	(후불)화장498만원/매장598만원-분향실(30평),리무진(도서지방별도) 수의(별도)	이장,화장,벌초	120만원/50만원/10만원-이장:포크레인,인부2인	494,233,411	595,949,819	1,090,183,230	1,514,626,788	60,864,170	1,575,490,958	-485,307,728	300,000,000		100	145	100	195,680,000	32	우리은행	예치계약	62,972,939		
[등록말소]샘라이프상조(주)[우림라이프(주)로 흡수합병]	김 *  * 	경기-2010-10호	20101005	1341110195912	123-86-23974	경기도 고양시 일산동구 성현로377번길 128-4	상 동	1588-9059	sin*******@hanmail.net	폐업	20100921	20190125	샘라이프360	360만(월3만원*120회) 수의(대마,중국), 관(오동나무,중국), 생화제단꽃, 리무진(200km 이내 무료), 대형장의버스 등	샘라이프480	480만(월4만원*120회) 특품수의(대마,중국), 관(솔나무,중국), 생화제단꽃, 리무진(200km 이내 무료), 대형장의버스 등	샘라이프720	720만(월6만원*120회) 순삼베수제직수의(대마,중국), 관(향나무,중국), 생화제단꽃, 리무진, 대형장의버스 등	419,663,586	93,477,250	513,140,836	6,300,840	171,104,000	177,404,840	335,735,996	300,000,000	296	100	35	100	161,928,000	58	KEB하나은행	예치계약	93,477,250		
[폐업](주)신원라이프	남 *  * 	경기-2018-제1호	20110317	1601110129604	305-81-58371	경기도 부천시 부일로 278	경기도 부천시 부일로 278	1588-5583	sin********@naver.com	폐업	20080801	20240731	264 A형	264만원(2.2만*120회)  수의(마 100%), 의전도우미 2명, 장의버스 등	396 A형	396만원(3만*132회)  수의(마 100%), 의전도우미 4명, 고급 장의 리무진, 장의버스 등	396 B형	396만(3만3천*120회)  수의(마 100%), 의전도우미 4명, 고급 장의 리무진, 장의버스 등	15,681,501	1,918,944,613	1,934,626,114	737,142,983	3,221,655,666	3,958,798,649	-2,024,172,535	2,381,500,000	36	100	205	100	2,747,150,000	47	우리은행	예치계약	1,297,824,000		
[폐업]대구토탈상조(주)	박 *  * 	대구-2010-제5호	20101110	1701110150186	502-81-46549	대구 동구 신암2동 486-17번지	상 동	1599-9208	tot********@naver.com	폐업	20050401	20140219	390	30000*130회 수의(명주또는삼베,중국산) 관(오동,중국산), 장의차(100km무료)	300	30000*100회 수의(명주또는삼베,중국산) 관(오동,중국산), 장의차(100km무료)	240	20000*120회 수의(명주또는삼베,중국산) 관(오동,중국산), 장의차(100km무료)	1,499,767,828	110,445,735	1,610,213,563	3,102,881,180	0	3,102,881,180	-1,492,667,617	300,000,000	34	100	193	100	2,000,251,500	40	우리은행	예치계약	800,500,600	우리은행(신암동지점)	053-951-3001
㈜천화	남 *  * 	충북-2011-제5호	20110316	1701110129694	503-81-36404	충청북도 영동군 양산면 양산심천로 144	서울특별시 노원구 동일로230가길 37	070-7016-3300	kjd***@hanmail.net	정상영업	19980107		스몰190	190만원(23,750원*80회/19,000*100회),수의(면+폴리,국내산),관(오동나무,중국산)등	로얄350	350만원(35,000원*100회/28,000*125회/17,500원*200회/14,000원*250회),수의(저마 또는 대마,국내 또는 중국),관(오동나무,중국산),리무진(왕복200km이내제공)	로얄390	390만원(19,500원*200회/15,600원*200회), 수의(대마,국내 또는 중국),관(오동나무,중국산),리무진, 장의버스(왕복200km이내제공)	4,360,626,198	6,952,924,176	11,313,550,374	31,295,485	8,205,230,950	8,236,526,435	3,077,023,939	1,500,000,000	137	100	73	100	8,323,541,150	59	우리은행	예치계약	4,923,627,860	우리은행 대전중앙지점	042-253-8141
태양라이프 주식회사[구,주식회사 올리라이프, 태양상조 주식회사]	김 * 	경남-2018-제1호	20101012	1954110011565	613-81-37622	경상남도 진주시 사들로123번길 42	경상남도 진주시 사들로123번길 42	1588-0393	ty-****@ty-life.co.kr	정상영업	20050520		실버	295만원(25,000원*118회) 수의(대마,중국산), 관(오동나무,중국산), 리무진/버스(택일,200km이내 무료제공) 등	골드	360만원(30,000원*120회) 수의(대마,중국산), 관(오동나무,중국산), 리무진,버스(200km이내 무료제공) 등	프리미엄	480만원(40,000원*120회) 수의(대마,중국산), 관(오동나무,중국산), 리무진,버스(300km이내 무료제공) 등	10,403,184,959	4,840,499,155	15,243,684,114	3,762,086,777	12,401,790,940	16,163,877,717	-920,193,603	1,500,000,000	91	100	106	100	10,638,168,204	50	상조보증공제조합	공제계약	5,319,084,102	상조보증공제조합	1600-1226
[폐업](주)에스에이치라이프	이 *  *  *  *  *  *  * 	부산-2010-10호	20101115	1801110412162	605-81-54047	부산시 부산진구 동평로 420번길 13 6층(양정동, 도성빌딩)	상 동	051-469-3111	sae*****@daum.net	폐업	20020625	20140707	240예사랑 프리미엄	240만(20,000원*120회) 관(오동나무, 중국) 수의(새한일205, 중국) 장의차(관내무료)	360예사랑 프리미엄	360만(30,000원*120회) 관(오동나무, 중국) 수의(대마, 중국) 장의차 리무진(200km무료)	480 예사랑 럭셔리	480만(40,000원*120회) 관(오동나무, 중국) 장의차 리무진(300km무료) 수의(대마특, 중국)	18,318,900	3,542,103,951	3,560,422,851	4,608,208,637	0	4,608,208,637	-1,047,785,786	300,000,000	71	100	129	100	3,720,065,000	50	상조보증공제조합	공제계약	1,860,032,500	상조보증공제조합	1600-1226
하늘문(주)	김 *  * 	경기(2)-2010-01호	20101108	2811110122983	128-86-18777	경기도 고양시 덕양구 보광로106번길 46	상 동	031-962-7579	yun***@nate.com	정상영업	20070126		믿음	320만원(3.2만원*100회 또는 1.6만원*200회) 수의(저마, 원사/중국 제조/국내), 관(오동나무, 원산지/중국, 제조/국내), 버스 또는 리무진 중 택1(왕복 200km), 도우미(4명*10시간) 등	소망	390만원(3.9만원*100회 또는 1.95만원*200회) 수의(대마, 원산지/중국, 제조/국내),관(오동나무, 원산지/중국, 제조/국내), 버스, 리무진 (각 왕복 200km), 도우미(5명*10시간) 등	사랑	480만원(4.8만원*100회 또는 2.4만원*200회) 수의(대마, 원산지/중국, 제조/국내), 관(오동나무, 원산지/중국, 제조/국내), 버스,리무진 (각 왕복 400km), 도우미(6명*10시간) 등	7,344,694,398	18,521,543,588	25,866,237,986	7,892,759,893	8,338,052,983	16,230,812,876	9,635,425,110	1,500,000,000	1852	100	63	100	532,777,000	61	우리은행	예치계약	322,543,850	우리은행(원당지점)	031-964-0615
[등록취소](주)드림종합상조	허 * 	서울-2011-제100호	20110325	1101113570573	107-86-84682	서울 영등포구 당산동1가  109  201호		02-2636-4441		등록취소			드림실버	198만원(월3만원X66회)	드림골드	240만원(월4만원X60회)	드림명품	350만원(월5만원X70회)	0	0	0	0	0	0	0	300,000,000		100		100	531,664,000	17	우리은행	예치계약	88,007,000		
(주)믿음의 가족[구(주)광명상조]	문 *  *  *  *  *  *  * 	부산-2010-13호	20101227	1801110591502	607-81-80745	부산광역시 사상구 새벽시장로 57	부산광역시 사상구 새벽시장로 57	1577-1476,051-861-1472	suz*****@daum.net	정상영업	20070427		일반상품(240)	240만원(2만원*120회) 수의(저마, 중국산), 관(오동나무4.5cm, 중국산)	최적상품(360)	360만원(3만원*120회) 수의(대마, 중국산), 관(오동나무4.5cm, 중국산), 리무진 및 장의버스(왕복200km이내 무료제공), 생화꽃제단(30만원 기준) 등	고급상품(480)	480만원(4만원*120회) 수의(대마, 중국산), 관(오동나무4.5cm, 2단, 중국산), 리무진 및 장의버스(왕복300km이내 무료제공), 생화꽃제단(50만원 기준) 등	51,989,023	223,273,457	275,262,480	213,466,374	308,140,000	521,606,374	-246,343,894	2,100,000,000	20	100	189	100	308,660,000	50	우리은행	예치계약	154,592,000	우리은행(사상지점)	051-322-7200
[폐업](주)대명라이프이행보증 [구.㈜자빈라이프]	송 *  * 	서울-2010-제15호	20101005	1101114120393	107-87-22252	서울특별시 강서구 방화동로3길 49	서울특별시 강서구 방화동로3길 49	1544-1035	ssy********@hanmail.net	폐업	20101230	20170421	vip 실버골드	390만(3만*130회) 수의(대마,원사:중국,제조:국내), 버스,리무진(전국무료) 등	고급형	378만(3만*126회) 수의(대마,원사:중국,제조:국내), 버스,리무진(400km제공) 등	실속형	248만(2만*124회) 수의(대마, 원사:중국, 제조:국내), 버스,리무진(선택, 전국) 등	217,338,768	10,500,000	227,838,768	21,277,648	0	21,277,648	206,561,120	300,000,000	5126	100	9	100	4,470,000	50	국민은행	예치계약	2,235,000		
[등록취소](주)다음세계상조	-	서울-2011-제92호	20110317	1101113839416	107-87-06077	서울 영등포구 국회대로 664,3층	상동	1544-4174	dau******@naver.com	등록취소	20080213		애니서비스2호	396만원(33,000x120회),수의(대마, 국내산) 관(오동나무) 리무진(전국무료) 버스(300km이내 무료제공)					1,251,196,376	258,362,400	1,509,558,776	3,255,415,821	0	3,255,415,821	-1,745,857,045	300,000,000	-637	100	216	100	0	0	우리은행	예치계약	0	우리은행(여의도광장지점)	02-785-0025
[등록취소](주)다음사랑	-	서울-2011-제91호	20110317	1101113509978	107-86-81458	서울 영등포구 국회대로 664,3층(영등포동7가, 한흥빌딩)	상동	1544-4174	dau******@naver.com	등록취소	20060824		애니2호	396만원(33,000x120회),수의(대마, 국내산) 관(오동나무) 리무진(전국무료) 버스(300km이내 무료제공)					4,286,259,586	95,655,770	4,381,915,356	9,522,707,521	11,000,000	9,533,707,521	-5,151,792,165	300,000,000	-461	100	218	100	918,000,220	50	우리은행	예치계약	459,000,110		
[등록취소](주)길쌈상조	왕 *  * 	대전-선불식할부거래업-4	20101005	1601110200389	314-81-79249	대전광역시 서구 배재로 78	대전광역시 서구 배재로 78	1588-7323	gil****@hanmail.net	등록취소	20051219		길쌈C396[132회]	396만원(월 30,000원 x 132회) 관(오동나무,중국산) 수의(원사:대마,중국,제조:대전) 리무진,장의버스(왕복200km이내무료),전문복지사6명,양복,상복,장례용품 외	길쌈C528[132회]	528만원(월 40,000원 x 132회)  관(오동나무,중국산) 수의(원사:대마,중국,제조:대전) 리무진,장의버스(전국무료),전문복지사7명,양복,상복,장례용품 외	길쌈C264[132회]	264만원(월 20,000원 x 132회) 관(오동나무,중국산) 수의(원사:대마,중국,제조:대전) ,장의버스(왕복100km이내무료),전문복지사3명,양복,상복,장례용품 외	616,347,809	11,341,627,095	11,957,974,904	345,865,276	16,302,140,788	16,648,006,064	-4,690,031,160	1,000,000,000	70	100	139	100	15,865,263,200	51	한국상조공제조합	공제계약	8,091,284,232	한국상조공제조합	1688-0972
[등록취소](주)노블라이프	이 *  * 	서울-2010-제33호	20101020	1101113188590	107-86-61258	서울특별시 영등포구 영등포로 116-1	서울특별시 영등포구 영등포로 116-1	1544-9753	mae*****@naver.com	등록취소	20050316		노블280	월4만*70개월 관 : 오동 1.0치, 수의 : 대마수의, 남자상복 : 4벌, 여자상복 : 3벌, 차량 : 리무진(왕복200km), 꽃바구니 2개, 도우미:3명(8시간)	노블340	월4만*85개월 / 월5만*68개월 관 : 오동 1.0치, 수의 : 대마수의, 남자상복 : 5벌 , 여자상복 : 5벌, 도우미 4명(8시간), 차량 : 장의버스(왕복100km), 꽃바구니 2개, 납골당 : 지정 납골당 상단제공	노블400	월5만*80개월 관 : 오동 1.5치, 수의 : 대마수의(특), 남자상복 : 직계상주제공, 여자상복 : 7벌, 차량 : 장의버스와 리무진(왕복200km), 꽃제단 1단, 도우미 : 5명(8시간)	11,872,022	739,909,575	751,781,597	74,517,460	1,850,906,066	1,925,423,526	-1,173,641,929	300,000,000	36	100	256	100	1,657,069,400	37	KEB하나은행	예치계약	620,441,500		
[폐업]㈜부산의사상조	김 *  * 	부산-2010-제16호	20110119	1801110610328	605-81-85424	부산광역시 중구 중구로 121	좌동	051-465-1024	san*******@naver.com	폐업	20071101	20190121	고급형	360만원(6만원X60회) 장례지도사, 행사도우미(40시간), 장의버스 및 리무진(부산, 김해, 양산), 관(오동나무, 중국), 수의(명주+삼베, 중국), 기타입관용품, 상복(남,여 각 3벌)	VIP형	490만원(7만원X70회) 장례지도사, 행사도우미(60시간), 장의버스 및 리무진(영남권 전역), 관(솔송, 미국), 수의(명주+삼베, 중국), 기타입관용품, 상복(남,여 각 5벌)	프리미엄형	600만원(7만5천원X80회) 장례지도사, 행사도우미(80시간), 장의버스 및 리무진(영남권 전역), 관(향나무, 미국), 수의(명주+삼베, 중국), 기타입관용품, 상복(직계가족)	325,857,335	827,082,869	1,152,940,204	273,067,002	871,843,386	1,144,910,388	8,029,816	300,000,000	101	100	99	100	828,040,000	50	우리은행	예치계약	415,652,000	우리은행(초량지점)	051-468-7051
[등록취소]투어라이프(주)[구,삼성라인(주)]	박 *  * 	전북 제 2010-4호	20101008	2101110046542	402-81-64024	전라북도 전주시 덕진구 백제대로 827	전라북도 전주시 덕진구 백제대로 827	1566-2116	spe********@hanmail.net	등록취소	20050222		240만원 상품	20,000원*120회/ 수의(저마,중국산) 관(오동나무) 장의버스 또는 리무진 택일(20만원 지원)	기본형 360만원	20,000원*150회,25,000원*120회/ 수의(대마,중국산) 관(오동나무,중국산) 리무진 또는 장의차 무제한 / 드레스, 턱시도, 원판사진, 헤어, 메이크업, 앨범	VIP 420만원	28,000원*150회,35,000원*120회/ 수의(대마,중국산) 관(오동나무2단, 중국산) 리무진(왕복200km이내무료) / 드레스, 턱시도, 원판사진, 헤어, 메이크업, 앨범	6,841,259,441	8,740,624,033	15,581,889,474	20,980,734,977	4,100,000,000	25,080,734,977	-9,498,845,503	500,000,000	45	100	161	100	16,880,594,500	56	한국상조공제조합	공제계약	9,369,721,950	한국상조공제조합	1688-0972
[등록취소]케이비라이프(주)[구,천마예상조(주)]	김 *  * 	서울2021-제167호	20110530	1701110248931	504-81-52445	서울특별시 노원구 동일로183길 10	서울특별시 노원구 동일로183길 10	1544-7173	ycd***@nate.com	등록취소	20030701		케이비360	360만, 오동관 4.5cm, 가진수의 외 수의용품, 상주용품, 꽃바구니 2개, 장의버스(왕복 100km), 도우미 3명, 1회용품, 유골함 등	케이비390	390만, 오동관 4.5cm, 대마수의 외 수의용품, 상주용품, 재단장식 1단, 꽃바구니 2개, 장의버스 또는 리무진(왕복 200km), 도우미 4명, 1회용품, 유골함 등	케이비플러스499	499만, 적송관 4.5cm, 고급대마수의 외 수의용품, 상주용품, 재단장식 2단, 꽃바구니 2개, 장의버스(왕복 200km), 도우미 6명, 1회용품, 유골함(최고급) 등	390,039,450	869,549,422	1,259,588,872	425,521,627	2,794,685,900	3,220,207,527	-1,960,618,655	1,500,000,000	13	100	256	100	2,249,046,800	50	한국상조공제조합	공제계약	1,124,523,400	한국상조공제조합	1688-0972
(주)용인공원라이프[구,㈜예온]	김 *  * 	경기 제2020-1호	20101001	1101114420024	220-88-04156	경기도 안양시 동안구 동편로20번길 9	경기도 안양시 동안구 동편로20번길 9	02-575-9229	ypl****@yonginparklife.com	정상영업	20100901		온유 아너스톤 590	590만원 일시납, 수의(한지,중국산), 최고급광주요제작함, 관(오동나무, 중국산), 헌화50송이, 일회용품, 리무진(300km이내 무료제공)	온유 아너스톤 480	480만원 일시납, 수의(한지,중국산), 고급 봉안함, 관(오동나무, 중국산), 헌화50송이, 일회용품, 리무진(300km이내 무료제공)	온유 아너스톤 350	수의9저마,중국산), 고급 봉안함, 관(오동나무, 중국산), 헌화30송이, 리무진미제공	3,605,655,149	6,691,301,797	10,296,956,946	578,399,810	29,330,878,737	29,909,278,547	-19,612,321,601	1,590,000,000	30	100	290	100	27,828,695,700	50	상조보증공제조합	공제계약	13,914,347,850	상조보증공제조합	1600-1226
[폐업](주)제일라이프	이 *  * 	경기(2)-2011-03	20110330	1101113176694	128-86-10590	경기도 고양시 덕양구 행신동 950-1호	상 동	031-938-2351	win*****@hanmail.net	폐업	20060115	20131219	프리미엄1호	280만원(28천원x100회) 수의(대마,국내산), 관(오동나무,중국산) 리무진(200km) 등	프리미엄2호	360만원(36천원x100회) 수의(대마,국내산), 관(오동나무,중국산) 리무진(200km) 등	프리미엄3호	480만원(48천원x100회) 수의(대마,국내산), 관(오동나무,중국산) 리무진(200km) 등	297,547,934	4,000,000	301,547,934	1,957,325	149,950,513	151,907,838	149,640,096	300,000,000		100	50	100	57,084,000	28	신한은행	예치계약	15,978,394		
[폐업](주)다인상조	최 *  * 	광주-2010-제3호	20101011	2001110259501	409-86-02102	광주 북구 우치로 47(중흥동 357-1)	상 동	1588-9906	css****@hanmail.net	폐업	20080601	20170308	일반형	300만원(월25000*120회) 수의(황토5품), 관(오동나무), 장의차(왕복300km)	고급형	396만원(월33000*120회) 수의(수세식저마), 관(오동나무), 장의차,리무진(왕복300km)	최고급형	600만원(월50000*120회) 수의(수세식대마), 관(오동나무), 장의차,리무진(전국무료)	1,085,545,499	17,074,853	1,102,620,352	1,031,777,062	0	1,031,777,062	70,843,290	300,000,000	107	100	94	100	989,920,000	49	우리은행	예치계약	486,110,500	우리은행(유동지점)	062-521-8111
[직권말소]사임당라이프(주)	정 *  * 	부산-2015-제44호	20150115	1701110180761	502-81-75006	부산광역시 중구 남포길 43	상 동	1599-4838	sai*********@naver.com	폐업	20040521	20190325	고급형	30,000*120=360만원 수의(대마, 중국산),관(오동나무,중국산),리무진(전국무료)등	명품형	40,000*120=480만원 수의(대마, 중국산),관(오동나무,중국산),리무진(전국무료)등			3,374,815	136,173,682	139,548,497	2,523,830	301,513,892	304,037,722	-164,489,225	300,000,000	26	100	218	100	260,580,000	50	우리은행	예치계약	130,023,000	우리은행(별내신도시점)	031-572-0176
보람상조애니콜(주)	오 *  *  *  *  *  *  *  *  *  *  *  * 	서울-2011-제84호	20110314	1101113811282	215-87-10848	서울특별시 중구 세종대로 73	서울특별시 중구 세종대로 73	1588-7979	bor******@boram.com	정상영업	20080102		마이스터 35	499만원(35,000원*142회,20,000*1회) 오동나무관, 명품수의, 트래버스 리무진 사용(왕복200km무료), 행사복지사 1명, 의전관리사(3명/24시간), 디지털 앨범 제작 등[요약]	보람더베스트580	490만원(25,000원*196회) 오동나무관, 특 명품수의, 트래버스 리무진 사용(왕복200km무료), 행사복지사 1명, 의전관리사(3명/24시간), 디지털 앨범 제작, 고인 이송 전용 차량 전국서비스 등[요약]	헤리티지959	699만원(35,000*199회,25,000*1회) 오동나무관, 특 명품수의, 트래버스 리무진 사용(왕복400km무료), 행사복지사 1명, 의전관리사(4명/32시간), 오마주, 디지털 앨범 제작 등[요약]	19,943,153,541	90,852,604,348	110,795,757,889	4,811,617,153	128,194,664,632	133,006,281,785	-22,210,523,896	1,500,000,000	82	100	120	100	132,709,811,500	50	우리은행/한국상조공제조합	예치계약/공제계약	179694800/66354905750	한국상조공제조합,우리은행(가락중앙지점)	1688-0972, 02-431-0506
[직권말소](주)전국종합기독교상조	채 *  * 	경기-2010-07호	20101203	1211110159517	130-86-28230	경기도 부천시 송내대로73번길 46	경기도 부천시 송내대로73번길 46	1577-4415	kds*****@hanmail.net	폐업	20070621	20190125	VIP	320만원(32,000원*100회)수의(대마, 국내산), 관(오동나무, 국내산), 장의버스(200Km무료) 등	VIP 골드	360만원(30,000원*120회)수의(대마, 국내산), 관(오동나무, 국내산), 장의버스+리무진(200Km무료) 등	VIP 프리미엄	420만원(30,000원*140회)수의(대마, 국내산), 관(오동나무, 국내산), 장의버스(200Km무료)+리무진(전국무료) 등	709,960,000	197,366,000	907,326,000	1,462,779,000	0	1,462,779,000	-555,453,000	300,000,000	71	100	161	100	1,990,460,000	32	신한은행	예치계약	637,609,850	신한은행(부천상동점)	032-327-6611
[폐업](주)신양상조	김 *  * 	부산-2010-9호	20101103	1801110537845	605-81-75246	부산 금정구 부곡3동  22-4	상 동	051-518-1300	hsj****@naver.com	폐업	20101025	20140530	스페셜	360만원(월3만원X120회) 관(오동나무, 중국), 리무진, 버스(200km이내)	프리미엄	480만원(월3만원X160회) 관(오동나무, 중국), 수의(대마, 중국), 리무진, 버스(200km이내)	VIP	580만원(월5만원X116회) 관(오동나무, 중국) 수의(대마, 중국), 리무진 버스(400km), 새화제단 등	0	0	0	0	0	0	0	300,000,000		100		100	0	0	신한은행	예치계약	0	신한은행(장전동지점)	051-515-4771
[폐업]전국연합장례서비스(주)	김 *  * 	서울-2011-제82호	20110315	1101114124189	119-86-18318	서울시 관악구 신림동1415-21 2층	서울시 관악구 신림동 1415-21 2층	1588-4142		폐업	20090625	20170114	280만원	280(28,000*100) 수의(저마/중국산), 관(오동나무/중국산), 리무진(50km)/버스(100km) 택 1	420만원	420(42,000*100) 수의(대마/중국산), 관(오동나무/중국산), 리무진(200km)/버스(200km) 제공			356,422,714	39,000,000	395,422,714	236,980,528	594,586,500	831,567,028	-436,144,314	300,000,000	26	100	210	100	573,529,900	57	우리은행	예치계약	328,573,450		
(주)나드리가자[구. (주)동양상조, (주)케이라이프, (주)케이라이프상조]	박 *  * 	서울2021-제166호	20110530	1912110012024	612-81-23348	서울특별시 금천구 가산디지털1로 171	서울특별시 금천구 가산디지털1로 171	1833-6167	nad***@naver.com	정상영업	20050708		드림 300	300만원(25,000원*120회) 크루즈 여행 서비스 (아시아크루즈)					236,902,391	5,903,602,925	6,140,505,316	250,015,617	7,745,757,400	7,995,773,017	-1,855,267,701	1,800,000,000	76	100	130	100	6,894,711,800	50	우리은행/우리은행	예치계약(상조상품)/예치계약(여행상품)	245755900/3203075000	우리은행(영동지점)	02-549-8181
[직권말소]효성상조(주)	정 *  * 	서울-2010-제16호	20101005	1101114290089	110-81-89446	서울특별시 서대문구 홍제내길 76	상 동	1644-1252	hss******@naver.com	폐업	20100302	20190228	효성실속형 390	390만원 (30,000원 × 130회) 수의, 관, 횡대, 상복직계가족대여, 버스전국무료, 리무진 200km 무료, 도우미4명	효성안심형 480	480만원 (40,000원 × 120회) 수의, 관, 횡대, 상복직계가족대여, 버스,리무진 전국무료, 도우미 6명	효성고급형 780	780만원 (65,000원 × 120회) 수의, 관, 횡대, 상복직계가족대여, 버스,리무진 전국무료 도우미 10명	1,746,150	128,821,557	130,567,707	51,549,820	238,213,759	289,763,579	-159,195,872	300,000,000	31	100	222	100	243,230,000	50	KEB하나은행	예치계약	121,615,557	하나은행(홍제출장소)	02-3216-1111
[폐업]테라캐딜락상조㈜	조 *  * 	충남-제2호	20110317	1611110010547	310-81-18503	충청남도 홍성군 홍성읍 소향길91번길 63	상동	1588-4339	ter******@naver.com	폐업	20051123	20190221	프리미엄형	250만원(25,000 * 100회),수의(대마,중국산), 관(오동나무,중국산), 리무진(100km 이내)무료 등	골드형	300만원(30,000 * 100회 ),수의(대마,중국산), 관(오동나무,중국산), 리무진(100km이내)무료 등	VIP형	360만원(30,000 * 120회),수의(대마,중국산), 관(오동나무,중국산), 리무진(100km이내)무료 등	179,010,704	392,256,308	571,267,012	55,719,334	388,243,251	443,962,585	127,304,427	300,000,000	134	100	78	100	347,280,000	51	신한은행	예치계약	176,071,590	신한은행(홍성지점)	041-631-9214
[등록취소]미래상조119㈜[구.(주)희망나눔상조]	최 *  * 	대전-2013-23호	20130318	1701110360165	514-81-65758	대전광역시 서구 갈마로 44	상 동	042-114	lov*******@daum.net	등록취소	20080718		360상품	360만원(월3만원×120회) 수의(대마,국내제조), 관(오동나무, 국내제작), 리무진버스(200km제공)	540상품	540만원(월4.5만원×120회) 수의(대마, 국내제조), 관(오동나무,국내제작), 리무진버스(300km제공)	720상품	720만원(월6만원×120회) 수의(대마황실, 국내제조), 관(오동나무,국내제작), 리무진버스(400km제공)	214,999,813	30,000,000	244,999,813	426,643,890	0	426,643,890	-181,644,077	300,000,000	1	100	174	100	182,964,000	0	우리은행	예치계약	0		
[등록취소](주)천궁실버라이프	최 *  * 	서울-2010-제37호	20101020	1101112871021	107-86-43584	서울특별시 영등포구 양평로 5	상동	1544-4744	chu******@chungoong.co.kr	등록취소	20040101		이안상조 뉴클래식	399만원(월39,000원x100회), 399만원(월30,000원x133회), 399만원(월22,800원x175회)  수의(원산지:중국,제조:한국,겉감:대마,안감:대마) 리무진(왕복400km제공), 관(오동나무,원산지:중국,제조:한국)	이안상조 뉴퍼펙트	490만원(월49,000원x100회), 490만원(월35,000원x140회), 490만원(월24,500원x200회) 수의(원산지:중국,제조:한국,겉감:대마,안감:대마) 리무진(거리제한없음), 관(오동나무,원산지:중국,제조:한국)			361,872,792	38,258,523,112	38,620,395,904	8,072,229,227	65,787,969,172	73,860,198,399	-35,239,802,495	1,500,000,000	45	100	191	100	67,913,678,949	50	한국상조공제조합	공제계약	33,956,839,475	한국상조공제조합	1688-0972
[폐업]뷰티플라이프서비스(주)	김 *  * 	서울-2010-제43호	20101102	1101113659020	105-87-08142	서울특별시 동대문구 왕산로 122	서울시 동대문구 왕산로 122, 5014호	02-322-8114	lgs**@lgshc.co.kr	폐업	20070413	20170405	장례 人	240만(20,000X120회) 삼베수의(대마100&#37; 중국산,제조한국기계직), 관(오동나무, 중국산), 리무진or장의버스 선택	장례 地	360만(30,000x120회) 수의(대마100&#37; 중국산,제조한국기계직), 관(오동나무, 중국산), 리무진or장의버스 선택	장례 天	480만(40,000x120회) 황포수의(대마100&#37; 국내산), 관(고급 솔송, 오동수공예관, 국내산), 리무진,장의버스 무료	46,687,848	469,860,787	516,548,635	2,354,222,488	0	2,354,222,488	-1,837,673,853	950,000,000	-2013	100	456	100	82,790,000	50	신한은행	예치계약	41,516,759		
[폐업]㈜사랑라이프	이 *  * 	서울-2011-제95호	20110318	1101113876351	106-86-58143	서울특별시 강남구 강남대로 508	서울특별시 강남구 강남대로 508	02-552-5003	ybl****@naver.com	폐업	20090701	20160625		가격:3,900,000원 / 지급방법:30,000*130회,수의(기계대마100&#37;),관,장의부속,장의차량,리무진,도우미 등	소망(원)	가격:5,200,000원 / 지급방법:40,000*130회,수의(기계대마100&#37;),관,장의부속,장의차량,리무진,도우미 등	사랑(애)	가격:6,500,000원 / 지급방법:50,000*130회,수의(기계대마100&#37;),관,장의부속,장의차량,리무진,도우미 등	2,253,836	111,725,135	113,978,971	163,439,851	3,000,000	166,439,851	-52,460,880	300,000,000	-91	100	146	100	27,450,000	51	우리은행	예치계약	14,067,000	우리은행(용산전자랜드)	02-716-3240
[폐업](주)예가[구, 씨지편한세상]	안 *  * 	서울-2010-제8호	20100929	1101114130889	109-86-18515	서울시 양천구 절골 8길 23, 1층	상 동	1588-9644	sjm*****@hanmail.net	폐업	20090712	20150526	예가420	420만원(30,000*120회) 수의(대마,국내산) 관(오동나무,중국산) 리무진,버스 전국무료	예가골드360	360만원(30,000*120회), 쉬의(대마, 중국산), 관(오동나무,중국산), 리무진(전국무료)			435,908,496	43,560,833	435,908,496	80,134,612	101,490,702	181,625,314	254,283,182	300,000,000	181	100	42	100	368,434,850	50	우리은행	예치계약	184,331,225	우리은행(신월북지점)	02-2691-2141
보람상조피플(주)	김 *  * 	서울-2010-제52호	20101126	1101114058354	220-87-79209	서울시 성동구 광나루로 130, 7층	서울시 성동구 광나루로 130, 7층	1588-7979	bor******@boram.com	정상영업	20090307		커스텀550	499만원 (17,500원*285회+2,500원*1회 ) 수의(저마 중국산), 관(오동나무, 중국산), 리무진(왕복 200km이내 무료제공) 등	마이스터599	599만원 (40,000원*149회+30,000원*1회) 수의(혼용 (저마,대마) 중국산), 관(오동나무, 중국산), 리무진(왕복 400km이내 무료제공) 등	마이스터699	699만원 (40,000원*174회+30,000원*1회) 수의(혼용 (저마, 대마) 중국산), 관(오동나무, 중국산), 리무진(전국 무료제공) 등	38,664,150,316	173,692,514,906	212,356,665,222	22,528,382,777	200,214,824,779	222,743,207,556	-10,386,542,334	1,578,960,000	94	100	105	100	194,768,201,500	50	한국상조공제조합	공제계약	97,384,100,750	한국상조공제조합	1688-0972
[폐업]㈜조은이웃	이 *  * 	경남2010-제06호	20101020	1845110008844	621-81-10191	경남 양산시 서창로 73 (명동)	대전시 동구 원동34-1 대전우체국5층/서울시 용산구 동자동43-73 부양빌딩 8층	1588-9797	web******@goodsj.co.kr	폐업	19921017	20141224	330만	330만(3만*110회) 수의(대마,중국), 관(오동,중국), 캐딜락,버스(100km이내)	440만	440만(4만*110회) 수의(대마,중국), 관(오동,중국), 캐딜락,버스(300km이내)	550만	550만(5만*110회) 수의(대마,중국). 관(오동,중국) 캐딜락,버스(무료)	1,832,833,571	4,926,558,041	14,090,918,686	14,090,918,686	0	14,090,918,686	0	300,000,000	36	100	100	100	0	0	한국상조공제조합	공제계약	0	한국상조공제조합	1688-0972
[직권말소]보람상조유니온(주)[보람상조라이프(주)로 흡수합병]	오 *  * 	서울-2010-제53호	20101126	1101114078782	220-87-80502	서울시 성동구 광나루로 130, 7층	상동	1588-7979	bor******@boram.com	폐업	20090416	20180911	프리미엄390	390만원(3만*130회) 오동나무관, 저마, 리무진(200km), 복지사1명, 도우미3명	프리미엄490	490만원(3만5천*140회) 솔송나무관, 대마, 리무진(400km), 복지사1명, 도우미4명	프리미엄780	780만원(6만*130회) 향나무관, 대마, 리무진(전국), VIP리무진(전국), 복지사1명, 도우미4명	14,422,653,176	13,713,096,723	28,135,749,899	159,006,694	28,543,135,000	28,702,141,694	-566,391,795	400,000,000	98	100	102	100	31,097,330,000	50	한국상조공제조합	공제계약	15,548,665,000	한국상조공제조합	1688-0972
[직권말소]보람상조나이스(주)[보람상조피플(주)로 흡수합병]	김 *  * 	서울-2010-제65호	20110103	1101114058346	220-87-78724	서울시 성동구 광나루로 130, 7층	상동	1588-7980	bor******@boram.com	폐업	20090317	20190109	프리미엄390	390만원(3만*130회) 오동나무관, 저마, 리무진(200km), 복지사1명, 도우미3명	프리미엄490	490만원(3만5천*140회) 솔송나무관, 대마, 리무진(400km), 복지사1명, 도우미4명	프리미엄780	780만원(6만*130회) 향나무관, 대마, 리무진(전국), VIP리무진(전국), 복지사1명, 도우미4명	1,516,228,569	2,909,228,580	4,425,457,149	44,609,481	6,598,365,000	6,642,974,481	-2,217,517,332	300,000,000	66	100	150	100	6,649,275,000	50	한국상조공제조합	공제계약	3,324,637,500		
[폐업]한국종합라이프㈜[구,한국종합상조㈜, 한국종합케이티동호상조]	이 *  * 	서울-2011-제 83호	20110315	1101114124189	215-87-15144	서울 송파구 오금로 90, 507호(신천동 KT송파지점)	상동	02-925-4000	bes*******@gmail.com	폐업	20080701	20160620	골드348	348만원(29000*120회) 수의(대마,중국산), 관(오동나무,중국산) 리무진(왕복 200km 이내)	명품골드498	498만원(41500*120회) 수의(대마,중국산), 관(매장시솔송관,중국산) 리무진(전국무료)	골드240	240만원(20,000원*120회), 수의(대마,중국산), 관(오동나무,중국산)	521,762,799	22,840,483	544,603,282	487,607,156	0	487,607,156	56,996,126	300,000,000	111	100	90	100	568,662,000	50	신한은행	예치계약	284,331,000	신한은행 잠실지점	02-3431-6161
[직권말소]보람상조임팩트(주)[보람상조피플(주)로 흡수합병]	김 *  * 	서울-2010-제54호	20101126	1101114058388	220-87-78710	서울시 성동구 광나루로 130, 7층	상동	1588-7979	bor******@boram.com	폐업	20090317	20190109	보람프리미엄390	390만원 (130회Ⅹ3만원) 오동나무관, 저마, 리무진 200km, 복지사 1명, 도우미 3명	보람프리미엄490	490만원 (140회Ⅹ3만5천원) 솔송나무관, 대마, 리무진 400km, 복지사 1명, 도우미 4명	보람프리미엄780	780만원 (130회Ⅹ6만원) 향나무관, 대마, 리무진(전국), VIP 리무진 (전국) 복지사 1명, 도우미 4명	10,723,157,203	6,249,292,832	16,972,450,035	130,761,042	18,535,585,000	18,666,346,042	-1,693,896,007	300,000,000	91	100	110	100	18,921,420,000	50	한국상조공제조합	공제계약	9,460,710,000		
[직권말소]보람상조플러스(주)[보람상조개발(주)로 흡수합병]	오 *  * 	서울-2010-제55호	20101126	1801110171114	604-81-30116	서울 강남구 테헤란로 151 역삼하이츠 3층	상동	1588-7979	bor******@boram.com	폐업	19951210	20180911	보람프리미엄390	390만원 (3만*130회) 오동나무관, 저마, 리무진 (200km), 복지사1명, 도우미3명	보람프리미엄490	490만원 (3만5천*140회) 솔송나무관, 대마, 리무진 (400km), 복지사1명, 도우미4명	보람프리미엄780	780만원 (6만*130회) 향나무관, 대마, 리무진(전국), VIP리무진(전국), 복지사1명, 도우미4명	220,837,420	839,077,823	1,059,915,243	4,688,866,738	1,942,365,000	6,631,231,738	-5,571,316,495	300,000,000	-187	100	626	100	1,992,860,000	50	한국상조공제조합	공제계약	996,430,000	한국상조공제조합	1688-0972
[폐업]㈜대경두레상조	이 *  * 	경북-2011-제6호	20110316	1748110041189	515-81-29959	경상북도 경산시 경안로38길 5	상 동	053-814-0199	i90*@naver.com	폐업	20060301	20170805	만족형	240만원(30,000원*80회) 수의(명주, 중국산), 관(오동나무, 중국산), 도우미2명, 영구차 (20만원)	고급형	300만원(30,000원*100회) 수의(명주, 중국산), 관(오동나무, 중국산), 도우미3명, 영구차(200km이내)	골드형	360만원(30,000원*120회) 수의(대마,, 중국산), 관(오동나무, 중국산), 도우미5인 ,리무진(200km이내)	448,000,074	310,493,466	758,493,540	3,152,959	497,528,000	500,680,959	257,812,581	300,000,000	148	100	66	100	534,404,630	50	국민은행	예치계약	267,202,315	국민은행(경산지점)	053-659-9473/053-811-2618~9
[직권말소]보람상조프라임(주)[보람상조개발(주)로 흡수합병]	오 *  * 	서울-2010-제45호	20101102	1801110222743	604-81-34280	서울특별시 강남구 테헤란로 151	상동	1588-7979	bor******@boram.com	폐업	19970117	20180911	프리미엄스폐셜	490만원(17,500원*280회), LED영정액자, 프리미엄 압축앨범, 사이버추모관, 부고알림 서비스, 솔송나무관, 특 명품수의(대마), 리무진(왕복 400km), 복지사1명, 도우미 4명	프리미엄스폐셜	490만원(25,000원*196회), LED영정액자, 프리미엄 압축앨범, 사이버추모관, 부고알림 서비스, 솔송나무관, 특 명품수의(대마), 리무진(왕복 400km), 복지사1명, 도우미 4명	프리미엄스폐셜	490만원(35,000원*140회), LED영정액자, 프리미엄 압축앨범, 사이버추모관, 부고알림 서비스, 솔송나무관, 특 명품수의(대마), 리무진(왕복 400km), 복지사1명, 도우미 4명	7,420,540,221	99,322,550,313	106,743,090,534	2,104,408,226	146,406,075,687	148,510,483,913	-41,767,393,379	300,000,000	71	100	139	100	156,431,939,250	50	한국상조공제조합	공제계약	78,215,969,625	한국상조공제조합	1688-0972
[직권말소]보람상조리더스(주)[보람상조피플(주)로 흡수합병]	김 *  * 	서울-2010-제44호	20101102	1801110180826	604-81-27834	서울특별시 성동구 광나루로 130	상동	1588-7979	bor******@boram.com	폐업	19950415	20190109	프리미엄390	390만원(3만*130회) 오동나무관, 저마, 리무진(200km), 복지사1명, 도우미3명	프리미엄490	480만원(3만5천*140회) 솔송나무관, 대마, 리무진(400km), 복지사1명, 도우미4명	프리미엄780	780만원(6만*130회) 향나무관, 대마, 리무진(전국),VIP리무진(전국), 복지사1명, 도우미4명	47,601,914,737	60,685,680,132	108,287,594,869	1,237,736,984	113,561,714,506	114,799,451,490	-6,511,856,621	300,000,000	94	100	106	100	122,439,995,000	50	한국상조공제조합	공제계약	61,219,997,500	한국상조공제조합	1688-0972
보람상조라이프(주)	오 *  *  *  *  *  *  * 	서울-2010-제64호	20110103	1801110149517	604-81-23895	서울특별시 중구 세종대로 73	서울특별시 중구 세종대로 73	1588-7979	bor******@boram.com	정상영업	19940101		보람550	480만원(17,000*282회+6,000*1회) 오동나무관, 특 명품수의, 트래버스 리무진 사용(전국 무료), 행사복지사 (1명), 의전관리사(6명/36시간), 디지털 앨범 제작, 일회용품 200인분 등[요약]					12,948,175,760	447,651,860,206	460,600,035,966	25,296,936,694	486,386,636,471	511,683,573,165	-51,083,537,199	1,500,000,000	89	100	111	100	507,067,834,900	50	한국상조공제조합	공제계약	253,533,917,450	한국상조공제조합	1688-0972
보람상조개발(주)	오 *  *  *  *  *  *  *  *  *  *  *  * 	서울-2010-제32호	20101015	1801110121060	604-81-31279	서울특별시 중구 세종대로 73	서울특별시 중구 세종대로 73	1588-7979	bor******@boram.com	정상영업	19920101		마이스터35	499만원(35,000*142회, 20,000*1회), 오동나무관, 명품수의, 트래버스 리무진 사용(왕복200km무료), 행사복지사 1명, 의전관리사(3명/24시간), 디지털 앨범 제작 등[요약]	마이스터40	599만원(40,000*149회, 30,000*1회), 오동나무관, 특 명품수의, 트래버스 리무진 사용(왕복400km무료), 행사복지사 1명, 의전관리사(4명/32시간), 디지털 앨범 제작 등[요약]	헤리티지959	699만원(35000원*199회+25000*1회), 오동나무관, 특 명품수의, 트래버스 리무진 사용(왕복400km무료), 행사복지사 1명, 의전관리사(4명/32시간), 디지털 앨범 제작 등[요약]	112,822,638,428	501,702,144,987	614,524,783,415	40,607,352,669	489,606,927,011	530,214,279,680	84,310,503,735	1,500,000,000	118	100	86	100	456,284,830,729	50	한국상조공제조합	공제계약	228,142,415,365	한국상조공제조합	1688-0972
[폐업](주)북부상조	권 *  * 	경북-2011-제7호	20110316	1748110039944	515-81-29172	경북 경산시 중방동  880-6번지	경북 경산시 중방동  880-6번지	053-813-6100	ksd****@hanmail.net	폐업		20131212							18,554,231	93,717,733	112,271,964	76,380,690	0	76,380,690	35,891,274	300,000,000		100	68	100	0	0	우리은행	예치계약	0		
[등록취소](주)대노라이프[구.(주)씨엔라이프]	유 *  * 	광주-2011-제3호	20110315	2001110199583	408-81-63872	광주광역시 서구 내방로251번길 7	광주광역시 서구 내방로251번길 7	1588-7042	ymm***@naver.com	등록취소	20041008		대노라이프396	396만원 (30,000*132회) 상조, 크루즈 여행 중 1개 선택	대노라이프480	480만원 (40,000*120회) 상조, 크루즈 여행, 추모원 중 1개 선택	대노라이프840	840만원 (70,000*120회) 상조, 크루즈 여행, 추모원 중 2개 선택	1,314,730,127	367,229,929	1,681,960,056	43,605,527	1,331,504,500	1,375,110,027	306,850,029	1,500,000,000	123	100	82	100	1,253,509,000	50	상조보증공제조합	공제계약	626,754,500	상조보증공제조합	1600-1226
[등록말소] 케이웰라이프(주)[구,㈜좋은세상대경, 한국웰라이프(주)][ (주)위드라이프그룹으로 흡수합병]	오 *  * 	서울-2015-제151호	20101110	1701110277641	504-81-59787	서울특별시 송파구 올림픽로35다길 32	서울특별시 송파구 올림픽로35다길 32	1588-9048	inf*@kwelllife.kr	폐업	20041215	20180221	장의 264만	264만원(20,000원*132회) 관(적송, 오동관, 중국), 수의(대경1호), 리무진(왕복 200Km 무료)	장의 396만	396만원(30,000원*132회) 관(적송, 고급오동관, 중국), 수의(대경2호), 리무진(전국무료)	웨딩 396만	(30,000원*132회) 본식드레스, 본식예복, 헤어&메이크업(신랑,신부), 원판앨범, 웨딩앨범, 웨딩액자	544,173,165	1,803,073,431	2,347,246,596	556,790,895	6,716,090,932	7,272,881,827	-4,925,635,231	300,000,000	26	100	310	100	7,085,053,700	50	상조보증공제조합	공제계약	3,542,526,850		
[등록취소]나라라이프(주)[구, 나라상조(주)]	김 *  * 	경남2010-제07호	20101029	1942110014647	609-81-18437	경남 창원시 의창구 도계동 333-4 일출빌딩 4층	상동	1644-5440	kmc***@hanmail.net	등록취소	19940401		PREMIUM상품	420만원(35,000원x120회) 수의(대마,국내산) 관(오동나무1.5치) 리무진(100km이내 무료제공) 등	HIT상품	360만원(30,000원x120회) 수의(대마,국내산) 관(오동나무1.0치) 리무진(관내 무료 40km이내) 등	일반상품	240만원(20,000원x120회) 수의(대마,국내산) 관(오동나무1.0치) 리무진(관내 무료 40km이내) 등	1,579,222,412	2,436,591,786	4,015,814,198	16,172,915	5,011,580,455	5,027,753,370	-1,011,939,172	300,000,000	83	100	125	100	5,776,780,000	50	한국상조공제조합	공제계약	2,888,390,000		
[등록취소]미래상조119㈜[구, ㈜국방복지상조][현, ㈜더크르즈온]	고 *  * 	서울-2012-119호	20110307	1901110061983	608-81-64485	서울시 서초구 방배로20길 4, 4층(방배동, 원등빌딩)	좌동	02-749-0082	jus****@hanmail.net	등록취소	20061101		장의360	360만원(3만*120회) 수의(대마,국내제조) 관(오동나무, 국내제조) 리무진,버스(200km제공)	웨딩360	360만원(3만원*120회) 웨딩패키지,스튜디오촬영	360성지여행	360만원(3만원*120회) 이집트,이스라엘,요르단(9알)	6,514,665	3,262,207	9,776,872	267,934,929	55,830,430	323,765,359	-313,988,487	300,000,000	-2807	100	3312	100	10,800,000	54	신한은행	예치계약	5,831,000	신한은행(방배동지점)	02-534-2115
[폐업]㈜그린상조이행	윤 *  * 	광주-2011-제4호	20110316	2001110218424	409-81-88779	광주광역시 북구 동문대로 255	광주광역시 북구 동문대로 255	062-250-4456	gre******@hanmail.net	폐업	20051129	20190124							125,118,104	180,137,400	305,255,504	60,531,880	284,066,800	344,598,680	-39,343,176	300,000,000	114	100	113	100	465,112,200	50	KEB하나은행	예치계약	232,556,100	하나은행(동광주지점)	062-269-1111
(주)새부산상조	박 *  * 	부산-2011-제23호	20110304	1801110104347	604-81-14213	부산광역시 연제구 중앙대로 1074	부산광역시 연제구 중앙대로 1074	1588-3971	sun*******@hanmail.net	정상영업	19901101		120만원	120만원(20,000*60회) 수의(레이온+면,중국산) 관(오동나무,중국산) 등	180만원	180만원 (30,000*60회, 20,000*90회) 수의(레이온+저마,중국산), 관(오동나무,중국산) 등	240만원	240만원 (30,000*80회, 20,000*120회) 수의(레이온+저마, 중국산), 관(오동나무,중국산), 리무진 또는 장의버스 왕복 100km 제공 등	3,277,501,656	9,319,661,845	12,597,163,501	319,417,458	10,269,534,153	10,588,951,611	2,008,211,890	1,501,180,000	121	100	84	100	9,541,172,500	50	상조보증공제조합	공제계약	4,770,586,250	상조보증공제조합	1600-1226
[폐업](주)한국의전물류공사	조 *  * 	서울-2010-제56호	20101126	1101113476383	107-86-79699	서울시 영등포구 여의도동 61-5   리버타워601호	서울시 영등포구 여의도동 61-5   리버타워601호	02-782-7278	cyj***@hanmail.net	폐업		20130618	1호	사후금액 240만, 수의(중국산) 관(오동) 리무진 제공	2호	사후금액 280만, 수의(국산) 관(오동) 리무진 제공			271,312,173	441,125,746	712,437,919	161,428,448	287,000,000	448,428,448	264,009,471	300,000,000		100	63	100	53,580,000	31	국민은행	예치계약	16,610,063		
[직권말소](주)국민상조	나 *  * 	경기-2010-03호	20120213	1101112921983	117-81-48806	경기도 김포시 고촌읍 전호로 26번길 29	상동	1544-4110	koo**********@kookminsangjo.com	폐업	20040107	20160705	270비크리 스폐셜	270만원(2만원x135회) 수의(대마90%대마외10%,중국산) 관(오동나무,중국산) 장의버스(왕복200km이내 제공) 등	396비크리 스폐셜	396만원(3만원x132회) 수의(대마95%대마외5%,중국산) 관(오동나무,중국산) 장의버스/리무진(각 왕복300km이내 제공) 등	520비크리 스폐셜	520만원(4만원x130회) 수의(대마95%대마외5%,중국산) 관(솔송나무,중국산) 장의버스/리무진(각 전국제공) 등	12,615,035,012	31,047,662,848	43,662,697,860	10,344,566,007	95,243,893,239	105,588,459,246	-61,925,761,386	500,000,000	34	100	242	100	94,542,156,100	50	한국상조공제조합	공제계약	47,271,078,050	한국상조공제조합	1688-0972
[등록말소](주)씨에스라이프	마 *  * 	부산-2011-제27호	20110308	1801110546060	605-81-76167	부산광역시 동구 조방로 39	상동	1588-3661	san*******@hanmail.net	폐업	20060217	20170703	180만원	180만원(30,000*60), 장례, 결혼	270만원	270만원(30,000*90), 장례, 결혼	360만원	360만원(30,000*120), 장례, 결혼	17,470,247	306,426,246	323,896,493	1,073,145,548	861,875,999	1,935,021,547	-1,611,125,054	429,650,000	-101	100	597	100	800,460,000	50	한국상조공제조합	공제계약	400,230,000		
[등록취소](주)에스제이라이프	민 *  * 	경기-2011-11호	20110323	1244110110106	137-86-08574	경기 하남시 덕풍동로 111	경기 하남시 덕풍동로 111	031-998-9776	sjl***********@sjlife.kr	등록취소			원플러스	180만원 (15천원*120회)	투플러스	240만원(2만원*120회)	스폐셜	360만원 (3만원*120회)	0	0	0	0	0	0	0	300,000,000		100		100	0	0	신한은행	예치계약	0		
[폐업](주)온누리	조 *  * 	전북2011-3호	20110317	2101110052763	402-81-72806	전북 익산시 인북로12길 21(길산동)	전북 전주시 완산구 현무 1길 21-15 문화빌딩 4층	1544-7142	onn*******@naver.com	폐업	20060825	20160229	화장형240만	2,400,000 고인용품, 의전용품, 서비스품목(상품별 꽃제단,도우미,차량지원)	표준형288만	2,880,000 고인용품, 의전용품, 서비스품목(상품별 꽃제단,도우미,차량지원)	프리미엄형390만	3,900,000  고인용품, 의전용품, 서비스품목(상품별 꽃제단,도우미,차량지원)	1,769,006,466	662,075,679	2,431,082,145	3,096,108,626	0	3,096,108,626	-665,026,481	300,000,000	81	100	127	100	3,349,379,500	50	한국상조공제조합	공제계약	1,674,689,750		
[폐업](주)제너두상조서비스	정 *  * 	경기-2016-01호	20101111	1101113647364	220-87-46182	경기도 성남시 중원구 갈마치로 302	경기도 성남시 중원구 갈마치로 302	031-626-4018	dom*****@gmail.com	폐업	20070101	20190124	일반형250만	250만원 (100회납,50회납,후불) 빈소용품, 생화꽃바구니(2개), 지도사(3일), 도우미(4명), 수의, 오동나무관, 상복, 장의차량 등	고급형390만	390만원 (100회납,50회납,후불) 빈소용품, 제단35만, 지도사(3일), 도우미(6명), 수의, 송솔나무관, 상복, 장의차량 등			43,182,201	429,116,476	472,298,677	18,184,620	223,586,733	241,771,353	230,527,324	300,000,000	214	100	51	100	186,158,000	52	국민은행	예치계약	97,274,640	국민은행(도곡렉슬출장소)	02-2073-2674
[폐업]영원상조(주)	이 *  * 	부산-2011-36호	20110318	1801110551853	607-81-76936	부산 동래구 안락동  433-1 롯데캐슬애브뉴상가 205호	상 동	051-554-2004	lee*********@yahoo.co.kr	폐업	20060406	20140530							3,519,102	374,054,398	377,573,500	423,469,010	160,000,000	583,469,010	-205,895,510	300,000,000		100	155	100	0	0	우리은행	예치계약	0		
[등록취소]㈜광일라이프	권 *  * 	서울-2010-제18호	20101005	1101113629007	206-86-14294	서울시 용산구 한강대로 397, 7층(동자동, 부양빌딩)	상동	1588-6955	kds****@naver.com	등록취소	20070425		실버형	360만원(월30,000원*120회) 수의 및 관(원산지중국,제조한국) 리무진(관내무료제공)	골드형	480만원(월40,000원*120회) 수의 및 관(원산지중국,제조한국) 리무진(전국무료제공)	VIP형	960만원(월80,000원*120회)  수의 및 관(원산지중국,제조한국) 리무진(전국무료제공)	203,292,321	23,046,201	226,338,522	831,148,907	0	831,148,907	-604,810,385	300,000,000	-49	100	367	100	405,555,000	26	신한은행	예치계약	104,750,025	신한은행(아현동지점)	02-313-0446
[폐업](주)한효라이프	정 *  * 	경남 2010-제08호	20101108	1901110059326	608-81-61417	경상남도 창원시 마산회원구 북성로 118	상 동	1577-2324	sub******@naver.com	폐업	20060101	20221105	골드임페리얼형	288만원(2.4만원X120회) 수의(대마, 중국산), 관(오동나무,중국산), 캐딜락 또는 장의운구버스(택1 전국무료제공) 등	한효396	360만원(3만원X120회) 수의(오동, 중국산), 관(오동나무, 중국산), 캐딜락 또는 장의운구버스(각 왕복200km) 등	한효스페셜468	468만원(3만원X156회) 수의(오동, 중국산), 관(오동나무, 중국산), 캐딜락 및 장의운구버스(각 전국무료) 등	5,377,328,253	42,093,825,097	47,471,153,350	412,747,970	93,928,337,531	94,341,085,501	-46,869,932,151	1,502,300,000	50	100	199	100	92,481,775,500	50	상조보증공제조합	공제계약	46,240,887,750		
[등록취소]씨엠상조개발(주)	이 *  * 	울산-2011-8호(등록취소됨 2012.11.2)	20100918	2301110099274	610-81-69111	울산시 남구 중앙로 15-1 광명빌딩 6층	울산시 남구 중앙로 15-1 광명빌딩 6층	052-265-4200	gml*******@daum.net	등록취소			씨엠3호	240만원(2만원*120회),수의(대마,국내산),관(오동1.5차,중국산),도우미 1일2명 등	씨엠2호	360만원(3만원*120회),수의(대마,국내산),관(홍송1.5차,중국산),리무진(왕복200km무료) 등	씨엠1호	480만원(4만원*120회),수의(대마,국내산),관(향나무,중국산),리무진(왕복400km무료) 등	218,586,348	1,093,349,633	1,311,935,981	4,845,223,638	0	4,845,223,638	-3,533,287,657	310,000,000		100	369	100	4,498,022,000	30	상조보증공제조합	공제계약	1,349,406,600		
디에스라이프(주)[구.대구상조(주)]	정 *  * 	대구-2010-제1호	20101011	1701110016750	501-81-06001	대구광역시 수성구 달구벌대로 2461	상 동	1577-7883	dae**@sangjo.com	정상영업	19821101		장례상품-555	555만원(55,500*100회/37,000*150회/111,000*50회) 수의(원사, 중국산), 관(은행나무, 인도네시아산), 장의버스,리무진(왕복500km제공) 등	장례상품-375	375만원(37,500*100회/25,000*150회/75,000*50회) 수의(원사, 중국산), 관(오동나무, 중국산), 장의버스,리무진(왕복100km제공) 등	장례상품-240	240만원(24,000*100회/16,000*150회/48,000*50회) 수의(원사, 중국산), 관(오동나무, 중국산), 운구전용승합차(왕복100km제공) 등	16,795,704,604	30,982,923,786	47,778,628,390	801,469,675	37,192,570,000	37,994,039,675	9,784,588,715	1,600,000,000	126	100	80	100	36,393,107,000	52	IM뱅크	지급보증	18,800,000,000	IM뱅크 본점영업부	053-740-2735
[등록취소]국방복지상조119(주)	한 *  * 	서울-2011-제75호	20110217	1201110486317	121-81-94629	서울시 영등포구 여의대방로65길 20, 신관 501호	좌동	070-4040-5890	Kor*****@gmail.com	등록취소	20090129		360상품	360만원(월3만원×120회) 수의(대마,국내제조) 관(오동나무,국내제조) 리무진,버스(200km제공)	540상품	540만원(월4.5만원×120회) 수의(대마,국내제조) 관(오동나무,국내제조) 리무진,버스(300km제공)	720상품	720만원(월6만원×120회) 수의(대마황실,국내제조) 관(오동나무,국내제조) 리무진,버스(400km제공)	414,172,442	870,521	415,042,963	282,864,854	0	282,864,854	132,178,109	300,000,000	201	100	68	100	129,662,700	40	신한은행	예치계약	51,865,080		
[등록취소]고려상조(주)	황 *  * 	전북 제 2010-3호	20101005	2101110043134	402-81-58497	전라북도 전주시 덕진구 안덕원로 47	전라북도 전주시 덕진구 안덕원로 47	1688-3444	kor********@naver.com	등록취소	20040322		행복240	240만원(2만원X120회),수의(고려일품-중국산),관, 유골함, 상복(6벌), 제단(기본), 입관, 수시초렴 등	사랑360	360만원(3만원X120회) 수의(고려상품-중국산), 관, 유골함, 상복(직계 무제한), 제단, 입관, 수시초렴, 차량 2대 등			2,777,730,748	3,281,729,710	6,059,460,458	165,309,241	6,548,013,999	6,713,323,240	-653,862,782	1,500,000,000	89	100	111	100	5,930,117,000	50	한국상조공제조합	공제계약	2,965,058,500		
[직권말소]우리상조(주)[전국상조통합서비스(주)로 흡수합병]	전 *  * 	경북-2010-제2호	20101210	1717110069516	506-81-58028	경상북도 포항시 북구 소티재로 69-10	경상북도 포항시 북구 소티재로 69-10	1588-0192	twt****@nate.com	폐업	20060522	20190315	240만원 상품	240만원(3만원*80회) 수의(대마,중국산) 관(오동나무,중국산) 장의버스, 리무진 중 왕복 200km무료	300만원 상품	300만원(3만원*100회) 수의(대마,중국산) 관(오동나무,중국산) 장의버스, 리무진(왕복200km)	360만원 상품	360만원(3만원*120회) 수의(대마,중국산) 관(오동나무,중국산) 장의버스, 리무진(왕복300km)	503,845,633	182,473,991	686,319,624	4,792,803	682,660,000	687,452,803	-1,133,179	300,000,000	100	100	100	100	684,795,000	50	한국상조공제조합	공제계약	342,397,500		
[등록취소](주)유니온웨딩	김 *  * 	서울-2011-제 80호	20110314	1501110119988	301-81-99915	서울 강남구 역삼동652-8번지 4층	상동	1644-6250	uni*********@hanmail.net	등록취소	20081111		웨딩360	4만원*90회,드레스,턱시도,메이크업,리허설앨범,본식스냅,동영상,폐백,청첩장,액자,부케 등	웨딩480	5만원*96회,드레스,턱시도,메이크업,리허설앨범,본식스냅,동영상,폐백,청첩장,액자,부케,웨딩카장식 등	웨딩540	6만원*90회,드레스,턱시도,메이크업,리허설앨범,본식스냅,동영상,폐백,청첩장,액자,부케,웨딩카장식,공항픽업 등	2,840,322	252,092,955	254,933,277	128,673,205	661,100,000	789,773,205	-534,839,928	300,000,000	16	100	310	100	661,940,000	50	한국상조공제조합	공제계약	330,970,000	한국상조공제조합	1688-0972
[등록말소](주)대천명	신 *  * 	서울-2010-제40호	20101027	1101113466946	212-81-75933	서울 강동구 천호대로 1203, 601호 (길동,티에스타워)	상 동	02-487-3388	dcm****@naver.com	폐업	20060701	20160201	장례플랜	428만원 (가입비 68만원, 월30,000*120회) 수의판매					364,880,490	84,621,965	449,502,455	90,014,030	0	90,014,030	359,488,425	300,000,000	242	100	20	100	245,214,000	50	신한은행	예치계약	122,592,000		
[폐업]한성원종합상조(주)	조 *  * 	부산-2010-14호	20101231	1801110212273	604-81-32337	부산시 부산진구 전포동 229-1, 4층	부산시 부산진구 전포동 229-1, 4층	051-466-0600	hs2***@hanmail.net	폐업		20130428	288만	월 24,000원 X 120회 관(오동1.5치,중국), 수의(저마,중국), 리무진.버스 중 택일 시내무료 등	360만	월 30,000원 X 120회 관(오동1.5치 2단,중국), 수의(대마,중국), 리무진.버스 시내무료 등	480만	월 40,000원 x 120회 관(오동1.5치 2단,중국), 수의(대마,중국), 리무진.버스 전국무료 등	356,437,910	3,773,438,374	4,129,876,284	3,053,804,609	2,703,546,251	5,757,350,860	-1,627,474,576	300,000,000		100	139	100	3,810,140,500	30	신한은행	예치계약	1,143,042,150		
[직권말소](주)평화드림[구. 평화상조, (주)평화누리로의 지위승계]	박 *  * 	서울-2011-제74호	20110126	1101113086174	214-87-59299	서울특별시 서초구 반포대로 22	상동	1588-1774	phd**@cef.or.kr	폐업	20041001	20180727	기본형 330만원	330만원 (27,500원 X 120회/33,000원 X 100회/3,135,000 일시불),수의(대마,중국산), 관(오동나무,중국산), 버스 또는 리무진(100km 이내 무료제공) 등	실속형 450만원	450만원 (37,500원 X 120회/45,000원 X 100회/4,275,000 일시불),수의(대마,중국산), 관(오동나무,중국산), 버스,리무진 (200km이내 무료제공) 등	고급형 700만원	700만원 (70,000원 X 100회/6,650,000 일시불),수의(대마,중국산), 관(오동나무,중국산), 버스,리무진(전국 무료 및 200km이내 무료제공) 등	62,714,494,412	61,946,559,304	124,661,053,716	28,385,461,982	72,039,815,632	100,425,277,614	24,235,776,102	700,000,000	135	100	81	100	70,750,785,031	51	우리은행	예치계약	36,242,328,299		
[폐업]㈜다원상조	이 *  * 	부산-2011-17호	20110128	1801110652528	607-81-87447	부산광역시 사하구 까치고개로 77-1	상 동	051-555-3327	daw******@hanmail.net	폐업	20081117	20180328	다원225	15,000*150회 수의(대마), 관(오동나무), 리무진(왕복100km), 무료행사도우미 2명	다원375	20,000*150회 수의(대마), 관(오동나무), 리무진(왕복200km), 무료행사도우미 3명	다원450	30,000*150회 수의(대마), 관(오동나무), 리무진(왕복300km), 무료행사도우미 4명	556,784,229	19,627,780	576,412,009	409,152,040	0	409,152,040	167,259,969	300,000,000	348	100	71	100	2,865,000	52	우리은행	예치계약	1,480,500		
[등록취소]그린우리상조(주)	김 *  * 	서울-2010-제14호	20101005	1101113292052	114-86-46352	서울 강남구 선릉로 152길 17,702호(청담동,인성빌딩)	서울 강남구 선릉로 152길 17,702호(청담동,인성빌딩)	02-556-1414	woo*********@naver.com	등록취소			기본형	194만원(월3만2천원×60회, 월1만6천원×120회) 관(오동나무1단) 수의(삼베) 염베(2필) 명정(본견) 등	일반형	264만원(월4만4천원×60회, 월2만2천원×120회) 관(오동나무2단) 수의(우리명품수의) 리무진(왕복200km) 등	고급형	360만원(월6만원×60회, 월3만원×120회) 관(오동나무2단) 수의(우리명품수의) 리무진(왕복200km) 등	19,997,886,811	12,648,906,968	32,646,793,779	163,420,096	33,177,372,029	33,340,792,125	-693,998,346	2,469,000,000		100	102	100	59,088,256,830	25	우리은행	예치계약	14,867,215,569		
[폐업]선경문화산업(주)	이 *  * 	대구-2011-제23호	20110310	1701110154550	503-81-42454	대구 중구 동인동4가  490-2번지	대구 중구 동인동4가  490-2번지	053-426-8200	lee*****@naver.com	폐업		20130428	240만	240만원(월20,000*120회),오동4.5cm,삼베,명주,영구차 행사지역 50%	300만	300만원(월25,000*120회),삼베,명주(특),영구차,캐딜락200km무료(1개선택)	360만	360만원(월30,000*120회),적송4.5cm,삼베,홀치기,영구차,캐딜락 200km무료	189,227,037	1,380,253,249	1,569,480,286	3,376,784,422	0	3,376,784,422	-1,807,304,136	300,000,000		100	215	100	1,041,909,000	25	신한은행	예치계약	260,719,000		
[폐업](주)로얄라이프	양 *  * 	강원-2호(폐업 2013.5.13)	20110302	1401110027430	221-81-25010	강원도 춘천시 동내면 영서로 1776	강원도 춘천시 동내면 영서로 1776	1544-7563	sh8***@naver.com	폐업		20130513	보급형	240만원(2만원x120회) 수의(고급삼베,중국산) 관(오동나무,중국산) 리무진(200km무료제공)	고급형	360만원(3만원x120회) 수의(고급삼베,중국산) 관(오동나무,중국산) 리무진(200km무료제공) 등			1,138,336,835	168,844,548	1,307,181,383	13,693,311	1,140,000,280	1,153,693,591	153,487,792	300,000,000		100	88	100	1,013,155,300	30	한국상조공제조합	공제계약	303,946,590		
(주)우정라이프[구.㈜롯데금융상조]	박 *  * 	경기(2)-2011-제02호	20110316	2802110101803	127-86-26099	경기도 의정부시 시민로 31	경기도 의정부시 시민로 31	02-1544-3144	uj2*****@naver.com	정상영업	20100901		통합468	468만원(30,000*156회) 수의(대마100%), 관(오동나무규격품),리무진승용차,버스 각 왕복 300km 지원(1대사용시 전국무료),상복(남:직계상주7벌(y셔츠, 넥타이포함),여:직계상주10벌), 긴급운구차량(30km이내, 콜센터 접수시),의전관리사 5명(10시간), 꽃제단,헌화꽃40송이	웨딩468	468만원(30,000*156회)  웨딩드레스3벌,턱시도2벌,실내,야외촬영, 헤어, 메이크업, 앨범,액자, 청첩장 300장외 폐백의상및음식	크루즈468	468만원(30,000*156회) 국제선항공료, 공항세, 관광진흥개발기금, 여행자보험, 전쟁보험료, 여행지호텔(필요시), 여행지식사, 차량비, 가이드/기사팁/크루즈내식사, 부대시설 및 프로그램 이용, 기항지 관광비용, 웰컴파티	3,399,902,221	13,681,601,053	17,081,503,274	34,767,932,041	759,871,388	35,527,803,429	-18,446,300,155	2,000,000,000	46	100	208	100	34,866,674,500	50	상조보증공제조합	공제계약	17,433,337,250	상조보증공제조합	1600-1226
[폐업]한국상조업협동(주)	김 *  * 	대전-선불식할부거래업-2	20101004	1601110283476	305-86-06053	대전 중구 대사동 248-301 청운빌딩7층	상동	1544-0955	ksj*****@naver.com	폐업	20100730	20140215	390	390만원(3만원X130회)황실대마수의,오동나무관,리무진,버스(왕복 300Km)	480	480만원(4만원X120회)황실대마수의,오동나무관 2단,리무진,버스 (왕복 500Km)	720	720만원(6만원X120회)명품대마자수수의,향나무관,리무진,버스(전국 무료)	4,139,168,159	1,049,495,968	5,188,664,127	403,349,983	4,799,628,160	5,202,978,143	-14,314,016	500,000,000	100	100	100	100	7,394,990,900	40	한국상조공제조합	공제계약	2,957,996,360		
[직권말소]모던종합상조(주)[(주)프리드라이프로 흡수합병]	김 *  * 	대전-선불식할부거래업-10	20110105	1601110177786	305-81-70638	대전광역시 동구 동대전로 200	대전광역시 동구 동대전로 200	1644-1766	hel*@md1766.com	폐업	20040811	20220105	모던가족	294만원(월19,600원*150회)수의(대마,중국산),관(오동나무,중국산),리무진(관내무료 제공 등)	모던명품	399만원(월30,000원*133회)수의(대마,중국산),관(오동나무,중국산),리무진(300Km이내 무료 제공 등)	모던골드	495만원(월49,500원*100회)수의(대마,중국산),관(오동나무,중국산),리무진(전국무료 제공 등)	1,000,264,319	24,898,877,694	25,899,142,013	283,318,624	28,451,754,840	28,735,073,464	-2,835,931,451	1,500,000,000	89	100	111	100	25,596,261,725	50	한국상조공제조합	공제계약	12,798,130,863	한국상조공제조합	1688-0972
[등록취소]동아상조(주)	전 *  * 	울산-2010-4호	20101029	2301110064772	610-81-41374	울산 남구 번영로 176 (달동, 동아빌딩)	상동	052-267-7003	ima****@dongasj.co.kr	등록취소	20000501		동아 180	15,000원 X 120회 전 단 참 조	동아 360	30,000원 X 120회 전 단 참 조	동아 540	45,000원 X 120회 전 단 참 조	1,093,970,996	29,037,213,342	30,131,184,338	5,889,028,074	44,534,334,002	50,423,362,076	-20,292,177,738	900,000,000	52	100	167	100	45,153,995,600	50	한국상조공제조합	공제계약	22,576,997,800	한국상조공제조합	1688-0972
[등록취소](주)롯데라이프	김 *  * 	제 2010-6호	20101101	2111110021783	401-81-30536	전주시 완산구 현무3길 91(서노송동 보광빌딩3층)	전주시 완산구 현무3길 91(서노송동 보광빌딩3층)	1588-4463	cs*@lotte-life.com	등록취소			골드360만	3만*132회 수의(황실수의),관(오동나무),리무진(400km)	스페셜480만	4만*120회 수의(황실수의),관(오동나무),리무진(전국무료)	프리미엄600만	5만*120회 수의(수직대마100%),관(오동나무),리무진(전국무료)	1,117,603,369	263,668,801	1,381,272,170	1,266,985,515	0	1,266,985,515	114,286,655	300,000,000		100	92	100	1,635,744,000	7	우리은행	예치계약	121,265,630		
[직권말소]㈜미래상조119	최 *  * 	경북-2014-제13호	20110314	1701110134859	501-81-22637	경상북도 안동시 평화윗길 80	좌 동	053-426-1951	lov*******@daum.net	폐업	19980521	20190408	120만원상품	(2만원x60회) 수의(명주),관(오동나무),장의차보조금(15만원) 등	180만원상품	(3만원x60회) 수의(명주상),관(오동2치),장의차보조금(20만원) 등	240만원상품	(4만원x60회) 수의(명주특상),관(오동특2치),장의차보조금(30만원) 등	389,598,835	58,604,778	448,203,613	278,295,908	0	278,295,908	169,907,705	300,000,000	173	100	62	100	427,416,000	46	우리은행	예치계약	197,552,000	우리은행(명덕지점)	053-623-4811
[등록취소](주)보훈라이프[구.(주)아이원,(주)보훈라이프,한일토탈상조(주) ]	김 *  * 	부산-2010-12호	20101027	1801110053768	604-81-23686	부산광역시 동구 중앙대로 289	상동	051-466-3111	don***@hanmail.net	등록취소	19840630		일반형 240만원	240만원(\20,000 * 120회)  수의(인견, 삼베, 중국산), 관(오동나무, 중국산), 리무진(10만원 지원)	일반형 360만원	360만원(\30,000 * 120회)  수의(본견, 삼베, 중국산), 관(오동나무,중국산), 리무진,버스 (왕복200km이내 무료지원)	일반형 480만원	480만원(\40,000 * 120회) 수의(대마,중국산), 관(오동나무,중국산) 리무진,버스 (왕복300km이내 무료지원)	135,876,220	2,475,971,152	2,611,847,372	821,417,522	1,784,831,403	2,606,248,925	5,598,447	1,500,000,000	100	100	100	100	4,005,793,000	50	한국상조공제조합	공제계약	2,002,896,500	한국상조공제조합	1688-0972
[폐업]삼성플러스상조㈜[(주)한효라이프로 합병]	정 *  * 	경남 2011-제21호	20110322	1901110062030	608-81-64660	경상남도 창원시 마산회원구 북성로 118	상 동	055-255-7355	plu******@hanmail.net	폐업	20061026	20161104	275상품	275만원(27,500원X100회) 관(오동 1.0), 수의(저마100%기계직), 차량-1)한국형리무진 선택시 전국제공, 2) 캐딜락리무진 선택시 관내제공, 3)장의버스 관내제공((1)~(3) 중 택1) 등	350상품	350만원(35,000원X100회) 관(오동 1.5), 수의(대마100%기계직), 차량(캐딜락리무진+버스(관내왕복100km 제공)) 등			3,093,262	175,434,000	178,527,262	140,372,077	835,433,771	975,805,848	-797,278,586	300,000,000	-10	100	547	100	670,805,500	50	상조보증공제조합	공제계약	335,402,750	상조보증공제조합	1600-1226
[폐업]무지개라이프(주)[구, 세아상조(주)]	나 *  * 	2018-강원-제001호	20110315	1101113997397	106-86-61634	강원도 원주시 단구초교길 11	강원도 원주시 단구초교길 11	02-558-0291	muj********@nate.com	폐업	20081111	20200513	무지개396A	396만원(3만원x132회) 수의(저마,대마, 중국산), 관(오동나무,말레이시아산),리무진(왕복300km이내 무료)	무지개396B	396만원(6만원x66회) 수의(저마,대마, 중국산), 관(오동나무,말레이시아산),리무진(왕복300km이내 무료)	웨딩396	리허설촬용(드레스 턱시도, 헤어, 메이크업 외), 본식(청첩장, 영상, 폐백 외)	3,154,841	169,614,967	172,769,808	32,138,200	321,880,500	354,018,700	-181,248,892	1,500,000,000	30	100	205	100	192,325,000	60	우리은행	예치계약	116,088,500	우리은행(한강로지점)	02-794-0271
[직권말소]㈜국방라이프[구,(주)으뜸상조]	최 *  * 	서울-2014-제146호	20110330	1101113562877	119-81-93855	서울특별시 용산구 한강대로62나길 17	서울특별시 용산구 한강대로62나길 17	02-790-9875	guk****@naver.com	폐업	20061127	20181207	360상품	360만원(3만원*120회) 장례용품(오동관, 대마수의), 도우미3명, 장의버스 및 리무진 왕복 200km이내 무료제공 등	480상품	480만원(4만원*120회) 장례용품(오동관, 대마수의), 도우미5명, 장의버스 및 리무진 왕복 400km이내 무료제공 등	600상품	600만원(5만원*120회) 장례용품(오동관, 대마수의), 도우미7명, 장의버스 및 리무진 전국 무료제공 등	899,464,309	59,855,800	959,320,109	968,597,313	614,985,187	1,583,582,500	-624,262,391	300,000,000	-20	100	165	100	706,051,000	23	우리은행	예치계약	164,392,500		
[폐업](주)성원상조	조 *  * 	부산-2010-11호	20101213	1801110479154	606-81-85693	부산시 부산진구 전포대로 229-1,4층(전포동, 상봉빌딩)	부산시 부산진구 전포대로 229-1,4층(전포동, 상봉빌딩)	1577-2811	nos****@naver.com	폐업		20130428	일반형	월2만*120회(수의(저마,중국산),관(오동나무,중국산),리무진/버스 택일(왕복200km무료))	골드형	월3만*120회(수의(대마,중국산),관(오동나무,중국산),리무진/버스 (왕복200km무료))	VIP형	월10만*120회(수의(삼베,중국산),관(향나무,캐나다산),리무진/버스 (전국무료))	523,333,587	461,546,225	984,879,812	4,090,208,746	0	4,090,208,746	-3,105,328,934	300,000,000		100	415	100	4,532,748,000	31	신한은행	예치계약	1,405,151,880		
[직권말소]매방상조(주)[보람상조애니콜(주)로 흡수합병]	조 *  * 	서울-2011-제70호	20110121	1101112953936	215-86-53189	서울특별시 서초구 마방로10길 25	서울특별시 서초구 마방로10길 25	1644-0103	mai*******@naver.com	폐업	20090501	20190522	표준형	390만원(월3만원*130회),용역, 장의차량(200km) 관(오동나무,중국산)	고급형	490만원(월3.5만원*140회),용역, 장의차량(400km) 관(오동나무,중국산)	명품형	780만원(월6만원*130회),용역, 장의차량(5인승+버스 전국무료) 관(향나무,중국산)	22,519,370	208,955,300	231,474,670	25,776,660	417,865,000	443,641,660	-212,166,990	300,000,000	49	100	192	100	371,804,000	50	우리은행	예치계약	186,107,800	우리은행(가락중앙지점)	02-431-0506
㈜삼우라이프	윤 *  * 	서울-2010-제17호	20101005	1101114373348	220-88-01085	서울특별시 강남구 테헤란로 313	서울특별시 강남구 테헤란로 313	02-568-1226		정상영업	20100617		프리미엄 456	456만원(5년납,10년납,190회납), 수의(대마, 중국), 관(오동나무, 중국외), 리무진(250km)					573,726,744	9,582,727,925	10,156,454,669	14,783,633	12,671,175,539	12,685,959,172	-2,529,504,503	1,500,000,000	79	100	125	100	12,758,677,590	50	신한은행	예치계약	6,379,449,782	신한은행 선릉중앙금융센터	02-558-2013
[직권말소]미래상조(주)	구 * 	서울-2011-제93호	20110317	1101113085788	206-81-93687	서울 강서구 염창동  258-1 동아그린프라자 B 107-1	서울 강서구 염창동  258-1 동아그린프라자 B 107-1	02-3663-7142	sma****@hanmail.net	폐업		20130507	396만원상품	396만원//33000 * 120회	520만원상품	520만원//40000 * 130회	750만원상품	750만원//50000 * 150회	0	0	0	0	0	0	0	300,000,000		100		100	780,382,500	20	우리은행	예치계약	155,734,500		
[직권말소](주)대원효드림	설 *  * 	충북-2010-제1호	20101108	1511110025514	303-81-41933	충청북도 충주시 사직산19길 20	충청북도 충주시 사직산19길 20	010-개인정보	s2g**@hanmail.net	폐업	20050316	20190116	명품의전 360	36,000원*120회 수의, 입관용품, 의전용품, 차량서비스, 제단꽃, 인력서비스	명품의전 180	18,000원*120회 수의, 입관용품, 의전용품, 차량서비스, 제단꽃, 인력서비스			469,529,641	163,322,328	632,851,969	358,627,263	15,589,518	374,216,781	258,635,188	300,000,000	129	100	59	100	894,454,500	40	우리은행	예치계약	358,747,250	우리은행(충주지점)	043-847-2051
(주)대한라이프보증	엄 *  * 	경기-2012-01호	20120618	1101113292911	212-81-72877	경기도 성남시 분당구 대왕판교로 670	경기도 성남시 분당구 대왕판교로 670	1577-2155	dhl*******@naver.com	정상영업	20050825		대한플레티늄	360만원(36,000*100회) *수의: 대마100%(원산지:중국, 제조:대한민국,기계직) *관:오동나무(매장:약45mm, 화장:약30mm), 원산지:중국, 제조:대한민국  *차량:의전리무진(링컨, 지프, 포드, 쉐보레 2013-2021년식) 장의버스(현대, 대우, 기아 2014-2020년식),  전국무료(단, 도서지역 제외) *인력 : 전문장례지도사 2명,  행사도우미 5명(1인 10시간) 등, 전문도우미 추가이용 : 1시간당 10,000원	VIP대한플래티늄	398만원(39,800*100회) *수의: 대마100%(원산지:중국, 제조:대한민국,기계직) *관:오동나무(매장:약45mm, 화장:약30mm), 원산지:중국, 제조:대한민국  *차량:의전리무진(링컨, 지프, 포드, 쉐보레 2013-2021년식) 장의버스(현대, 대우, 기아 2014-2020년식),  전국무료(단, 도서지역 제외) *인력 : 전문장례지도사 2명,  행사도우미 5명(1인 10시간) 등, 전문도우미 추가이용 : 1시간당 10,000원			1,178,769,323	14,251,750,384	15,430,519,707	1,066,560,874	20,438,801,500	21,505,362,374	-6,074,842,667	1,500,000,000	70	100	139	100	20,091,499,900	50	상조보증공제조합	공제계약	10,045,749,950	상조보증공제조합	1600-1226
[직권말소](주)삼성코리아상조[구. (주)미래상조119]	최 *  * 	경북-2018-제14호	20140401	1701110309105	503-81-72263	경상북도 안동시 평화윗길 80	경상북도 안동시 평화윗길 80	053-525-4900	lov*******@daum.net	폐업	20060503	20190408	240만원형	(월16,000x150회),수의(대마,중국산),관(오동나무,중국산),리무진(100km이내 무료제공) 등	375만원형	(월25,000x150회),수의(대마,중국산),관(오동나무,중국산),리무진(200km이내 무료제공) 등	450만원형	(월30,000x150회)수의(대마,중국산),관(오동나무,중국산),리무진(300km이내 무료제공) 등	149,193,556	136,121,980	285,315,536	514,763,052	0	517,763,052	-232,447,516	300,000,000	-32	100	181	100	167,217,095	54	우리은행	예치계약	90,431,150		
[폐업]가람이벤트상조(주)	신 *  * 	울산-2011-17	20110315	2301110098094	610-81-68242	울산 중구 학산동	울산 중구 학산동	051-256-5167	jks****@naver.com	폐업	20030903	20140312	240만원	월16,000x150회,수의(대마,국내산),관(오동나무,중국산),리무진(택일왕복100km) 등	375만원	월25,000x150회,수의(대마,국내산),관(오동나무,중국산),리무진(택일왕복200km) 등	450만원	월30,000x150회,수의(대마,국내산),관(오동나무,중국산),리무진(택일왕복300km 등	93,507,558	142,865,500	236,373,058	569,277,701	15,000,000	584,277,701	-347,904,643	300,000,000	-47	100	247	100	167,029,650	40	우리은행	예치계약	66,803,600	우리은행(명덕지점)	053-623-4811
[폐업]삼성드림이벤트(주)	김 *  * 	대구-2010-제2호	20101013	1701110118738	501-81-21263	대구시 달서구 두류2동101-4번지 세명빌딩3층	상동	1688-4286	jks****@naver.com	폐업	19970401	20140518	240만	240만원(30,000x80회) 수의(대마,국내산) 관(오동나무,중국산) 리무진(택일왕복100km)등	375만	375만원(30,000x100회) 수의(대마,국내산) 관(오동나무,중국산) 리무진(왕복200km)등	450만	450만원(30,000x120회) 수의(대마,국내산) 관(오동나무,중국산) 리무진(왕복300km)등	438,643,390	535,882,477	974,525,867	169,126,111	2,810,511,000	2,979,637,111	-2,005,111,244	300,000,000	27	100	306	100	2,482,605,000	40	한국상조공제조합	공제계약	993,042,000		
[등록취소]이희정웨딩이벤트㈜	한 *  * 	서울-2013-제131호	20130830	2149110028714	403-81-50144	서울특별시 마포구 독막로 320	서울특별시 마포구 독막로 320		mir********@naver.com	등록취소	20060519								604,429,084	61,000,000	665,429,084	500,047,014	86,932,208	586,979,222	78,449,862	300,000,000	514	100	88	100	18,958,000	58	우리은행	예치계약	10,967,000		
[폐업](주)라이프금호종합상조	정 *  * 	광주-2010-제1호	20101006	2001110272305	410-86-26157	광주광역시 서구 쌍촌로 67	상 동	062-375-9592	hil******@hanmail.net	폐업	20090216	20170429	알뜰형	250만원(30,000x83회) 수의(대마, 국내산), 관(오동나무, 중국산), 장의차량(무료제공), 도우미2명 10시간, 양복4벌 등	고급형	300만원(30,000x100회) 수의(대마, 국내산), 관(오동나무, 중국산), 장의차량(무료제공), 도우미3명 10시간, 양복5벌 등	골드형	360만원(30,000x120회) 수의(대마, 국내산), 관(오동나무, 중국산), 장의차량, 리무진(무료제공), 도우미 4명 10시간, 양복직계상주무료등	350,848,813	35,000,000	385,848,813	486,079,373	0	486,079,373	-100,230,560	300,000,000	100	100	126	100	428,145,255	56	신한은행	예치계약	240,695,455	신한은행(광주금호지점)	1577-8000
[등록취소]이희정웨딩(주)	송 *  * 	서울-2011-제85호	20110315	1101113650648	212-81-79109	서울특별시 마포구 독막로 320	서울특별시 마포구 독막로 320	1588-7432	kil*****@lycos.co.kr	등록취소	20070402								2,689,383,223	122,260,948	2,811,644,171	4,246,412,816	0	4,246,412,816	-1,434,768,645	300,000,000	13	100	151	100	1,652,855,000	11	신한은행	예치계약	182,647,698		
[직권말소]금강문화허브(주) [구,금강상조(주)][(주)프리드라이프로 흡수합병]	김 *  * 	서울-2010-제12호	20101001	2301110086487	610-81-58953	서울특별시 중구 세종대로 73	서울특별시 중구 세종대로 73	1544-4945	ta*@ikumkang.com	폐업	20020601	20210203	행복더하기450	월10,000원*450회, 450만원 장례 전문도우미4명,오동나무 고급관,특 삼베수의(대마100%),제단꽃<금강1호>,헌화꽃50송이,최고급 리무진 왕복300km,버스 왕복300km,상복(현대식)남6벌/여6벌(대여)	행복더하기670	월67,000원*100회, 670만원 장례 전문도우미6명,솔송나무 고급관,특 삼베수의(대마100%),제단꽃<금강2호>,헌화꽃50송이,생화영정바구니2개,최고급 리무진 왕복400km,버스 왕복400km,상복(현대식)남6벌/여6벌(대여)	행복더하기840	월84,000원*100회, 840만원 장례 전문도우미8명,향나무 고급관,특 삼베수의(대마100%),제단꽃<금강3호>,헌화꽃100송이,생화영정바구니2개,,최고급 리무진 전국무료,장의버스 전국무료,상복(현대식)남6벌/여6벌(대여)	23,018,283,267	26,804,872,619	49,823,155,886	88,601,624	65,908,033,663	65,996,635,287	-16,173,479,401	1,500,000,000	75	100	132	100	65,312,287,400	50	한국상조공제조합	공제계약	32,656,143,700	한국상조공제조합	1688-0972
[직권말소](주)우리이벤트	김 *  * 	직권말소됨(13.05.15)	20110322	1512110012759	304-81-14860	대전 동구 용전동  25∼42	대전 동구 용전동  25∼42	042-585-2533	we*@unionlife.net	폐업		20130515							800,195,525	340,433,819	1,140,629,344	1,621,446,139	0	1,621,446,139	-480,816,795	300,000,000		100	142	100	369,835,930	5	신한은행	예치계약	17,864,294		
[직권말소](주)우리상조이벤트	김 *  * 	충북-2011-6호	20110317	1501110080478	301-81-75835	충북 제천시 중앙로2가  69-15,1층	충북 제천시 중앙로2가  69-15,1층	043-646-2520	we*@unionlife.net	폐업		20131104							301,353,440	467,922,486	769,275,926	1,805,056,944	0	1,805,056,944	-1,035,781,018	300,000,000		100	235	100	166,873,500	3	신한은행	예치계약	4,698,963		
[등록말소]㈜은혜상조(에이플러스라이프로 흡수합병)	안 * 	전북-제2011-제4호	20110323	1101114368141	212-81-90972	전라북도 익산시 무왕로 895	상동	1544-6006	anh******@hanmail.net	폐업	20100616	20170228	은혜550	550만원(월5.5만원*100회), 수의(대마, 중국산), 관(소나무,중국산), 장의버스(전국무료), 리무진(전국무료, 화장인경우 화장장까지 운행) 등	은혜390	390만원(월3만원*130회), 수의(대마, 중국산), 관(오동나무, 중국산), 장의버스(왕복300km), 리무진(왕복 300km,화장인경우 화자장까지 운행)	은혜320	320만원(월2.5만원*128회), 수의(대마,중국산), 관(오동나무,중국산), 장의버스, 리무진 택1 왕복 300km 무료제공 등	753,616,381	5,250,000	758,866,381	471,305,490	0	471,305,490	287,560,891	300,000,000	161	100	62	100	529,409,000	51	우리은행	예치계약	268,633,349	우리은행(영등동 지점)	063-838-0008
[등록취소]아름다운라이프㈜	김 *  * 	서울-2010-제5호	20100925	2111110022450	401-81-31480	서울특별시 서초구 동작대로 50	상 동	1599-4409	sev****@naver.com	등록취소	20070521		고급형	297만원(3만원x99회) 수의(대마, 국내산), 관(오동나무, 중국산), 앰블런스(관내), 리무진 또는 버스 택일(200km이내)	명품형	399만원(3만원x133회) 수의(대마, 국내산), 관(오동나무, 중국산), 앰블런스(관내), 리무진+버스 전국무료	골드형	498만원(3만원x166회) 수의(대마, 국내산), 관(오동나무, 중국산), 앰블런스(관내), 리무진+버스 전국무료	2,831,902,852	1,900,416,988	4,732,319,840	192,806,768	5,128,550,161	5,321,356,929	-589,037,089	300,000,000	87	100	112	100	4,830,840,000	50	상조보증공제조합	공제계약	2,415,420,000	상조보증공제조합	1600-1226
[폐업]국제상조(주)	김 *  * 	경남2010-제04호	20101018	1901110057833	608-81-60024	경남 창원시 마산회원구 석전2동258-4 신동빌딩3층	상동	1588-8764	fam********@naver.com	폐업	20050707	20131211	240만 상품	240만원(2만원x120회) 수의(대마,국내산) 관(오동나무,중국국내산)	300만 상품	300만원(2.5만원x120회) 수의(대마,국내산) 관(오동나무,중국국내산)	360만 상품	360만원(3만원x120회) 수의(대마,국내산) 관(오동나무,중국국내산)	129,173,757	229,462,236	358,635,993	10,832,690	8,710,151,680	881,984,370	-523,348,377	300,000,000	36	100	246	100	826,325,000	40	한국상조공제조합	공제계약	330,530,000	한국상조공제조합	1688-0972
[등록취소](주)한민족상조	박 * 	서울-2011-제105호	20110519	1101114532671	120-87-64482	서울 강남구 대치동	서울 강남구 대치동	025399009	kci***@kcieng.com	등록취소			상품1	430만원(43,000*100회)	상품2	520만원(52,000*100회)	상품3	650만원(65,000*100회)	0	0	0	0	0	0	0	300,000,000		100		100	0	0	신한은행	예치계약	0		
[폐업]㈜국화원상조	정 *  * 	대구-2011-제28호	20110415	1701110425828	503-81-93180	대구광역시 서구 평리로29길 7	상 동	053-560-7481	kfc*****@hanmail.net	폐업	20110325	20190121	일반형	168만(28,000X60회) 수의(대마, 중국산), 관(오동나무, 중국산), 기타용품, 도우미2명, 장의차 운임(150,000원 지원)	고급형	228만(38,000X60회) 수의(대마, 중국산), 관(오동나무, 중국산),기타용품, 도우미2명, 제단꽃, 장의차운임(200,000원 지원)	최고급형	288만(48,000X60회) 수의(대마, 중국산), 관(적송, 중국산),기타용품, 제단꽃, 도우미3명, 장의차운임(250,000지원)	501,690,663	153,760,000	655,450,663	149,160	273,846,000	273,995,160	381,455,503	300,000,000	239	100	42	100	195,322,000	50	국민은행	예치계약	97,661,000	국민은행(내당동지점)	1588-9999
[등록취소]㈜미래상조119[구, 아산상조종합서비스㈜]	한 *  * 	서울-2010-제48호	20101116	1101113432559	212-81-75364	서울시 강남구 선릉로 718, 3층 2호	좌동	1588-4509	ast***@hanmail.net	등록취소	20060404		240상품:VIP	240만원(20,000*120회) 수의(대마100%(원산지:중국), 기계직, 제조:국내/장의차량 대여 등	300상품:VIP	300만원(30,000*100회) 수의(대마100%(원산지:중국), 기계직, 제조:국내/장의차량 대여 등	360상품:VIP GOLD	360만원(30,000*120회) 수의(대마100%(원산지:중국), 기계직, 제조:국내/장의차량 대여 등	6,770,299,792	1,025,936,677	7,796,236,469	8,760,312,577	0	8,760,312,577	-964,076,108	300,000,000	90	100	112	100	10,262,356,000	50	상조보증공제조합	공제계약	5,131,178,000	상조보증공제조합	1600-1226
[폐업]유한상조㈜	손 *  * 	대전-선불식할부거래업-5	20101119	1601110217376	314-81-86866	대전 서구 둔산서로 15 (둔산동, 새천년빌딩 904호)	대전 서구 둔산서로 15 (둔산동, 새천년빌딩 904호)	1544-5779	ste***@nate.com	폐업	20070108	20141231	360만상품	360만원(3만원*120회) 수의(대마/명주,국내산), 관(오동나무,중국) 리무진(관내제공, 추가시 1km 1,800원~2,200원 발생)	540만상품	540만원(4만5천*120회) 수의(대마/명주,국내산), 관(오동나무,중국) 리무진(전국무료제공) 등			2,629,829,185	1,804,796,285	4,434,625,470	172,495,519	5,102,857,202	5,275,352,721	-840,727,251	300,000,000	80	100	119	100	4,254,620,425	50	상조보증공제조합	공제계약	2,127,310,213		
[등록취소](주)연합상조	정 *  * 	광주 2013-제1호	20140708	2101110046790	402-81-64290	광주시 북구 서하로 223(오치동, 5층)	상 동	1566-0425	kni*****@nate.com	등록취소	20050309		실버형	240만원(24000*100회) 손주수의1호, 오동나무 독제품	골드형	300만원(30000*100회) 왕실 또는 황실수의, 오동나무1.5치 2단			705,126,202	136,646,653	841,772,855	688,608,917	0	688,608,917	153,163,938	300,000,000	123	100	82	100	593,292,000	50	상조보증공제조합	공제계약	296,646,000	상조보증공제조합	1600-1226
[직권말소](주)대한해외참전전우회상조회[구.상조119㈜,미래상조119(주),(주)다음상조라이프]	서 *  * 	대구-2017-제36호	20110308	1801110397249	605-81-51171	대구광역시 수성구 신천동로 414	상 동	070-4040-5594	mir********@naver.com	폐업	20020222	20190319	360상품	360만원(월3만원×120회) 수의(대마,국내제조), 관(오동나무, 국내제작), 리무진버스(200km제공)	540상품	540만원(월4.5만원×120회) 수의(대마, 국내제조), 관(오동나무,국내제작), 리무진버스(300km제공)	720상품	720만원(월6만원×120회) 수의(대마황실, 국내제조), 관(오동나무,국내제작), 리무진버스(400km제공)	230,950,597	24,650,000	255,600,597	376,784,955	0	376,784,955	-121,184,358	300,000,000		100	147	100	0	0	우리은행	예치계약	0	우리은행(범일동지점)	051-646-5031
[폐업](주)효진종합상조	한 *  * 	경기(2)-2011-01호	20110128	2811110119211	128-86-16589	경기도 고양시 덕양구 통일로 997-44	경기도 고양시 덕양구 통일로 997-44	1577-4460	dud*******@naver.com	폐업	20061110	20190124	240상품	240만원(2만원X120회)  수의(대마,중국산) 관(오동나무,중국산) 리무진,버스 중 택일(200km무료)	360상품	360만원(3만원X120회)  수의(대마,중국산) 관(오동나무,중국산) 리무진	480상품	480만원(4만원X120회)  수의(대마,중국산) 관(오동나무,중국산) 리무진	6,527,209	622,164,930	628,692,139	106,621,684	317,340,000	423,961,684	204,730,455	300,000,000	169	100	67	100	127,720,000	189	우리은행	예치계약	241,711,000	우리은행(원당지점)	031-964-0615
[폐업](주)아남상조	박 *  * 	경남2011-제13호	20110208	1942110078289	609-81-72028	경남 창원시 마산회원구3.15대로811 4층	경남 거제시 계룡로 180 2층(고현동)	1588-6566	pjb****@nate.com	폐업	20060306	20150302	288만원 상품	30,000원 x 96회 수의(세포+명주)중국산, 장의차(30만원 지원)	336만원 상품	35,000원 x 96회 수의(저마+견)중국산, 장의차(한국형리무진+버스40k)	384만원 상품	40,000원 x 96회 수의(대저마+견)중국산, 장의차(캐딜락,장의버스60k)	3,198,846,611	2,011,445,086	5,210,291,697	6,465,768,299	0	6,645,768,299	-1,435,476,602	300,000,000	75	100	128	100	5,274,949,400	50	한국상조공제조합	공제계약	2,637,474,700		
[폐업]대구연합상조㈜	공 *  * 	대구-2011-제22호	20110310	1701110296691	503-81-69870	대구시 서구 통학로 161	상 동	053-555-1024	ils*******@naver.com	폐업	20061122	20190115	충절	180만원(30,000x60회)  수의(명주, 국내산), 관(오동, 중국산)	효도	240만원(40,000x60회) 수의(홀치기, 국내산), 관(적송, 중국산)	충효	300만원(50,000x60회) 수의(대마, 국내산), 관(향, 칠레산)	89,298,382	239,957,021	329,255,403	1,126,305	78,730,000	79,856,305	249,399,098	301,000,000	417	100	24	100	34,000,000	50	국민은행	예치계약	17,000,000	국민은행(대신동지점)	053-252-8083
[폐업](주)센텀종합상조	정 *  * 	경남2011-제14호	20110222	1955110112121	615-81-66628	경상남도 김해시 부계리155-12	상동	1577-4456	cen*****@hanmail.net	폐업	20090101	20150827	일반장례	396만원(30,000×132) 수의(대마,국내산) 관(오동나무,중국) 리무진,장의버스(화장장까지)	일반장례	528만원(40,000×132) 수의(대마,국내산) 관(솔송나무,미국) 리무진,장의버스(화장장까지)	VIP장례	600만원(50,000×120) 수의(대마,국내산) 관(솔송나무,미국) 리무진,장의버스(화장장까지)	263,495,495	261,526,641	525,022,136	901,183,988	0	901,183,988	-376,161,852	300,000,000	100	100	172	100	859,105,000	50	한국상조공제조합	공제계약	429,552,500		
(주)제이케이	채 *  *  *  *  *  *  * 	광주-2010-제2호	20101006	2001110218599	410-81-99989	광주광역시 광산구 무진대로 266	광주광역시 광산구 무진대로 266	1599-4484	suj*****@naver.com	정상영업	20051212		VIP-750	750만원(2만5천원*150회*2회) 수의(나주포 대마 황금수의), 관(고급 오동나무관), 리무진/장의차량 200km 무료 등	프리미엄420	420만원(3만5천원*120회) 수의(나주포황금수의), 관(고급 오동나무관), 리무진(1차장지기준)/장의차량 200km 무료 등	알뜰형290	290만원(2만9천원*100회) 수의(황금승화수의), 관(오동나무관), 리무진 편도 200km 제공 등	14,339,453,579	88,601,542,166	102,940,995,745	1,651,808,050	79,275,985,400	80,927,793,450	22,013,202,295	1,500,000,000	128	100	79	100	74,255,840,960	50	한국상조공제조합	공제계약	37,127,920,480	한국상조공제조합	1688-0972
[등록취소](주)에이스라이프[구.에이스상조(주)]	정 *  * 	서울-2010-제23호	20101011	1101113558024	215-86-91728	서울특별시 금천구 가산디지털1로 212	서울특별시 금천구 가산디지털1로 212	1566-5353	mas***@acesangjo.com	등록취소	20061116		개인형280만원	280만원(월28,000원*100회), 대마100%수의, 장의차량왕복200km, 오동나무규격관, 도우미2명 등	개인형396만원	396만원(월33,000원*120회), 대마100%수의, 장의차량왕복200km, 오동나무규격관, 도우미4명 등	개인형540만원	540만원(월45,000원*120회), 대마100%수의, 장의차량왕복300km, 오동나무규격관, 도우미6명 등	5,403,056,944	6,639,560,806	12,042,617,750	105,940,484	21,951,234,407	22,057,138,891	-10,014,521,141	1,837,500,000	54	100	183	100	21,802,510,545	50	한국상조공제조합	공제계약	10,901,252,272		
[등록취소]한빛상조(주)	강 *  * 	경남-2010-제02호	20101008	1942110054297	609-81-52925	경남 창원시 마산회원구 3, 15대로 679-1 4층	상동	1688-4407	fam******@naver.com	등록취소	20020402		300만	300만원(3만원X100회) 수의(대마,수입산) 관(오동나무,중국산) 리무진(50만원지원)	400만	400만원(4만원X100회) 수의(대마,수입산) 관(오동나무,중국산) 리무진(50만원지원)	500만	500만원(5만원X100회) 수의(대마,국내산) 관(향나무,중국산) 리무진(80만원지원)	312,713,290	247,520,708	560,233,998	510,212,737	977,948,584	1,488,161,321	-927,927,323	300,000,000	18	100	266	100	1,725,080,000	40	한국상조공제조합	공제계약	690,032,000		
[폐업](주)더플러스365	곽 *  * 	서울-2010-제34호	20101020	1101113888166	101-86-39554	서울 중구 세종대로20길 15, 7층 (태평로1가)	경남 마산시 양덕2동	1577-5590	the*******@naver.com	폐업		20130428	장의상품	420만원 고인용품, 의전용품 외 행사도우미 등 행사진행	장의상품	360만원 고인용품, 의전용품 외 행사도우미 등 행사진행	장의상품	300만원 고인용품, 의전용품 외 행사도우미 등 행사진행	441,471,016	216,117,620	657,588,636	1,173,983,377	0	1,173,983,377	-516,394,741	300,000,000		100	179	100	2,270,000,000	30	신한은행	예치계약	681,000,000		
(주)바라밀굿라이프[구.비손라이프(주)]	박 *  *  *  *  *  *  * 	경남-2011-19호	20110317	1942110075615	609-81-69784	경상남도 창원시 의창구 용지로 151	경상남도 창원시 의창구 용지로 151	1644-0108	gyo******@hanmail.net	정상영업	20051004		원왕생 1	390만원(30,000원*130회) 수의(대마, 중국산, 국내제조), 관(오동나무), 차량 1대	원왕생 2	600만원(50,000원*120회) 수의(대마, 중국산, 국내제조), 관(향나무), 차량 2대			1,270,065,155	38,075,743	1,308,140,898	611,680,841	33,750,000	645,430,841	662,710,057	1,500,000,000	212	100	49	100	316,966,000	50	우리은행	예치계약	158,483,000	우리은행(창원지점)	055-267-4100
[등록취소](주)예조	정 *  * 	경남 2010- 제11호	20101215	1911110044954	613-81-51624	경상남도 창원시 마산회원구 3·15대로 679-1	경상남도 창원시 마산회원구 3·15대로 679-1	1688-8885	fam******@naver.com	등록취소	20090318		예조240	240만(40,000x60회/20,000x120회) 수의(저마, 중국산), 관(오동나무, 중국산)	예조 360	360만(60,000x60회/30,000x120회) 수의(저마, 중국산), 관(오동나무, 중국산), 리무진(왕복 100km이내 무료제공)	예조 480	480만(80,000x60회/40,000x120회) 수의(대마, 중국산), 관(오동나무, 중국산), 리무진(왕복 200km이내 무료제공)	1,888,487,161	437,799,510	2,326,286,671	3,455,503,682	0	3,455,503,682	-1,129,217,011	300,000,000	61	100	149	100	2,912,590,000	22	신한은행	예치계약	642,027,460	신한은행(마산금융센터지점)	055-242-0432
[폐업]㈜씨에스알어소시에츠	최 *  * 	충북-2011-제3호	20110301	1501110145339	301-86-10652	충청북도 청주시 서원구 청남로 1910	상동	043-298-9200	ne3*****@hanmail.net	폐업	20110301	20170804	180만원상조	180만원(3만원x60회), 수의(저마, 중국산), 관(오동, 중국산), 리무진, 버스(청주내 제공) 등					671,072,892	107,216,041	778,288,933	375,485,923	0	375,485,923	402,803,010	300,000,000	220	100	48	100	334,961,000	56	신한은행	예치계약	188,128,040	신한은행(분평동지점)	043-291-2191
[폐업]삼성복지상조(주)	김 *  * 	부산-2010-04호	20101018	1601110186828	314-81-72979	부산시 연제구 거제1동 1-73번지 중앙빌딩3층	대전시 서구 탄방동 81-10번지 정일빌딩 10층 외	051-868-7678	web******@samsunghelp.com	폐업	20050310	20140916	264만원	264만원(2만원*132회)수의(면,중국),관(오동,중국),버스 10만원 지원금	396만원	396만원(3만원*132회)수의(저마,중국),관(오동,중국),리무진,버스 왕복300km무료	660만원	660만원(5만원*132회)수의(대마,중국),관(솔송,미국),리무진.버스전국무료	2,057,586,869	8,299,792,287	10,357,379,156	20,825,913,702	26,797,841,118	28,880,754,820	-18,523,375,664	300,000,000	30	100	279	100	26,531,135,000	50	한국상조공제조합	공제계약	13,265,567,500	한국상조공제조합	1688-0972
[폐업](주)글로벌상조	김 *  * 	대구-2011-제13호	20110107	1701110237116	502-81-67812	대구광역시 동구 동부로26길 70	상 동	1661-4221	sd5*****@nate.com	폐업	20021127	20170829	58상품	360만원(3만원*120회) 수의(대마,중국산), 관(오동나무,중국산), 의전용품, 행사진행, 리무진(왕복200km이내 무료제공 등)	68상품	480만원(4만원*120회) 수의(대마,중국산), 관(오동나무,중국산), 의전용품, 행사진행, 리무진(왕복400km이내 무료제공 등)	78상품	600만원(5만원*120회) 수의(대마,중국산), 관(오동나무,중국산), 의전용품, 행사진행, 리무진(전국 무료제공 등)	228,374,328	653,828,898	882,203,226	2,432,109,440	68,197,500	2,500,306,940	-1,618,103,714	300,000,000	30	100	283	100	2,319,255,000	50	상조보증공제조합	공제계약	1,159,627,500	상조보증공제조합	1600-1226
한라상조(주)	문 *  * 	경기-2018-제2호	20101207	2301110097707	610-81-67883	경기도 용인시 기흥구 흥덕1로 13	경기도 용인시 기흥구 흥덕1로 13	1588-4331	han******@hanmail.net	정상영업	20030815		한라413	413만원(월29,500원*140회), 관(오동나무,중국산), 수의(혼용, 중국산), 리무진 & 장의버스(왕복200km) 등	한라450	450만원(월30,000원*150회), 관(오동나무,중국산), 수의(대마, 중국산), 리무진 & 장의버스(왕복300km) 등	한라546	546만원(월39,000원*140회), 관(오동나무,중국산), 수의(대마, 중국산), 리무진 & 장의버스(전국무료) 등	23,063,244,406	35,027,023,304	58,090,267,710	9,627,654,838	55,405,172,846	65,032,827,684	-6,942,559,974	1,500,000,000	85	100	112	100	53,891,323,855	50	한국상조공제조합	공제계약	26,945,661,927	한국상조공제조합	1688-0972
[등록취소]한국사회복지상조(주)	장 *  * 	서울-2010-제59호	20101207	1101113080861	107-86-55116	서울 마포구 염리동	서울 마포구 염리동	1688-6843	hap******@naver.com	등록취소			무병장수	396만원(33,000원*120회)					0	0	0	0	0	0	0	300,000,000		100		100	14,223,000	50	국민은행	예치계약	7,111,500		
[등록취소]이편한통합라이프㈜	김 *  * 	서울-2010-제10호	20101001	1101113875204	215-87-13812	서울특별시 양천구 중앙로 230	부산광역시 연제구 월드컵대로165번길 5	1588-3128	psw****@naver.com	등록취소	20080407		이스타한송이	264만원(22,000*120회), 수의(저마, 국내산), 관(오동나무, 중국), 버스(관내지원)	이스타두송이	390만원(30,000*130회), 수의(대마, 중국), 관(오동나무, 중국), 버스 및 리무진(왕복 300km)	이스타세송이	480만원(40,000*120회), 수의(대마, 중국), 관(오동나무, 중국), 버스(왕복 500km)	877,963,892	932,705,378	1,810,669,270	2,354,658,061	0	2,354,658,061	-543,988,791	0	35	100	130	100	921,361,000	54	우리은행	예치계약	493,219,500		
[등록취소](주)이좋은상조	서 *  * 	충남-제3호	20130718	1801110609975	607-81-82821	충남 천안시 동남구 터미널 3길 37, 은온빌딩 4층	상동	1800-5399	ejo******@naver.com	등록취소	20071024		패밀리	300(3만원*100회) 수의(대마,국내산) 관(오동나무,중국산) 리무진(100km이내 무료제공) 등	안심3호	360(2만원*120회) 수의(대마,국내산) 관(오동나무,중국산) 리무진(300km이내 무료제공) 등	안심4호	480(4만원*120회) 수의(대마,국내산) 관(향나무,중국산) 리무진(무료제공) 등	178,012,346	219,226,985	397,239,331	1,077,559,960	0	1,077,559,960	-680,320,629	300,000,000	44	100	271	100	1,183,909,000	50	한국상조공제조합	공제계약	591,954,500	한국상조공제조합	1688-0972
세종라이프(주)(구. 세종라이프상조(주))	이 *  * 	대전-2016-제26호	20101022	1101113335472	206-86-03026	대전광역시 서구 둔산중로32번길 25	대전광역시 서구 둔산중로32번길 25	1588-7969	has****@hanmail.net	정상영업	20051104		세종300만원	300만원(20,000원*150회), 수의(저마-중국산), 관(오동나무-중국산), 운구차 or 리무진(택일, 왕복 200km이내) 등	세종450만원	450만원(15,000원*300회), 수의(대마-중국산), 관(오동나무-중국산), 운구차, 리무진(화장시 화장장까지) 등	세종450만원	450만원(30,000원*150회), 수의(대마-중국산), 관(오동나무-중국산), 운구차, 리무진(화장시 화장장까지) 등	90,895,776	5,920,564,255	6,011,460,031	1,272,213,512	12,255,124,526	13,527,338,038	-7,515,878,007	1,800,000,000	38	100	225	100	11,890,105,096	50	한국상조공제조합	공제계약	5,945,052,548	한국상조공제조합	1688-0972
[폐업](주)명심상조	조 *  * 	부산-2011-22호	20110302	1801110485482	605-81-66238	부산시 부산진구 황령대로 8번길 54(범천동)	부산시 부산진구 황령대로 8번길 54(범천동)	051-634-3580	kim******@yahoo.co.kr	폐업		20130428	240만원	240만원 (20,000 X 120회)  수의(삼베), 관(오동) 등	360만원	360만원 (30,000 X 120회)  수의(삼베), 관(오동), 장의버스 및 리무진(택1 관내무료) 등	480만원	480만원 (40,000 X 120회)  수의(삼베), 관(오동), 장의버스 및 리무진(왕복200km 무료) 등	440,444,885	105,801,667	546,246,552	1,072,454,810	0	1,072,454,810	-526,208,258	300,000,000		100	196	100	1,054,990,000	30	신한은행	예치계약	316,497,000		
[폐업](주)영남글로벌[구,㈜영남상조]	김 *  * 	대구-2010-제4호	20101017	1701110131756	514-81-29674	대구광역시 달서구 월배로 465	상 동	1588-4425	jin*****@hanmail.net	폐업	19980302	20230728	일반	240만원(20,000*120회) 수의(명주 또는 삼베, 중국산), 관(오동나무.중국산), 리무진(20만원지원)	고급	360만원(20,000*180회) 수의(명주특삼 또는 고급저마, 중국산), 관(오동나무, 중국산), 리무진(왕복200km무료)	최고급	600만원(20,000*200회) 수의(명주본견홀치기 또는 고급대마, 중국산), 관(오동나무통판, 중국산), 리무진(왕복600km무료)	959,394,964	3,213,727,997	4,173,122,961	75,580,352	2,191,106,000	2,266,686,352	1,906,436,609	1,500,000,000	187	100	54	100	2,261,988,000	50	상조보증공제조합	공제계약	1,130,994,000		
[등록취소]행운라이프(주)[구, 삼성종합라이프(주),삼성종합상조(주)]	김 *  * 	경남2010-제10호	20101214	1942110074881	609-81-69334	경상남도 창원시 의창구 도계로4번길 8	상동	1588-5759	kmc***@hanmail.net	등록취소	20050825								3,977,816,229	1,152,283,058	5,130,099,287	6,888,177,794	5,000,000	6,893,177,794	-1,763,078,507	300,000,000	70	100	134	100	6,097,956,000	50	한국상조공제조합	공제계약	3,048,978,000	한국상조공제조합	1688-0972
[폐업](주)대명상조	송 *  * 	경북-2010-제3호	20110113	1717110075042	506-81-62139	경상북도 포항시 북구 소티재로 69-10	상 동	1588-5102	twt****@nate.com	폐업	20070920	20180407	240만원 상품	240만원(3만원X80회) 수의(명주,국내산), 관(오동나무,중국산), 장의버스,리무진 택1(왕복 200km)	300만원 상품	300만원(3만원X100회) 수의(명주,국내산), 관(오동나무,중국산), 장의버스,리무진 각각 (왕복200km)	360만원 상품	360만원(3만원X120회) 수의(명주,국내산), 관(오동나무,중국산), 장의버스,리무진 각각(왕복300km)	3,690,451	20,002,000	23,692,451	124,863,650	0	124,863,650	-101,171,199	300,000,000	-104	100	527	100	44,640,000	50	신한은행	예치계약	22,320,000		
[폐업](주)더라이프앤[구.그린우리상조개발㈜]	문 *  * 	서울-2013-제134호	20131218	1211110172006	130-86-34315	서울특별시 성동구 왕십리로 38	서울시 강남구 테헤란로7길 8,501호(역삼동, 비와이씨빌딩)	1544-5528	shh****@thelifen.co.kr	폐업	20080601	20170203	고급형396만	3,960천원 (33,000원×120회), 장례서비스/ 웨딩서비스/ 어학연수서비스/ 크루즈여행서비스 	콤비투어Ⅱ	3,960천원 (110,000×9회)+(33,000원×90회), 크루즈여행서비스 + 장례서비스 	라이프앤 묘원	3,960천원 (33,000원×120회), 묘원안치서비스 (봉안담/ 수목장)	2,334,707,672	17,240,033,277	19,574,740,949	3,489,800,270	63,010,018,653	66,499,818,923	-46,925,077,974	500,000,000	27	100	340	100	61,804,272,950	50	상조보증공제조합	공제계약	30,902,136,475		
다나상조(주)	김 *  * 	대구-2010-제11호	20101210	1701110331041	503-81-76027	대구광역시 달서구 달구벌대로 1678	대구광역시 달서구 달구벌대로 1678	1588-3145	dhy******@naver.com	정상영업	20070501		만족형	450만원(30,000원*150회), 수의(삼베특상, 중국), 관(오동, 중국), 리무진(왕복300km무료) 등	감동형	540만원(36,000원*150회), 수의(명품대마, 중국), 관(적송, 중국), 리무진(왕복400km무료) 등	다나크루즈	여행 480만원(40,000원*120회), 크루즈 선실(내측 객실 기준), 국제선 항공료, 여행지 호텔(필요시), 기항지 관광비용 등	2,461,079,923	31,169,684,394	33,630,764,317	578,759,156	32,553,393,034	33,132,152,190	498,612,127	1,500,000,000	102	100	99	100	17,723,541,500	50	한국상조공제조합/한국상조공제조합	공제계약(여행상품)/공제계약(상조상품)	768080000/8093690750	한국상조공제조합	1688-0972
[폐업](주)둥지 [구.(주)둥지커뮤니케이션즈]	이 *  * 	경북-2013-제12호	20110307	1701110256075	502-81-72557	경상북도 청도군 청도읍 청도신기길 83-7	상동	1544-3091	dge*****@naver.com	폐업	20031003	20171219		현재시판하지 않음					648,850,396	1,590,966,562	2,239,816,958	286,176,470	1,491,816,051	1,777,992,521	461,824,437	500,000,000	437	100	79	100	15,010,000	50	국민은행	예치계약	7,538,256	국민은행(대신동지점)	053-252-8083
[폐업](주)패밀리상조	이 *  * 	대구-2011-제16호	20110120	1701110370560	502-81-99065	대구 동구 신암3동  164-2번지	대구 동구 신암3동  164-2번지	1577-3125	lee*****@naver.com	폐업		20130428	180만원	월3만x60회,수의(대마,국내산),관(오동관,중국산)	360만원	월3만x120회,수의(명주,본견,국내산),관(향나무관,중국산),리무진200km			680,654,487	196,189,187	876,843,674	1,246,767,077	0	1,246,767,077	-369,923,403	300,000,000		100	142	100	2,783,607,500	28	신한은행	예치계약	785,701,950		
[폐업](주)가야종합상조	이 *  * 	서울-2010-제7호	20100929	1101113781500	220-87-57113	서울 동작구 신대방동 719 동작성원상떼빌 105-1407	상 동	1577-6799	wha****@nate.com	폐업	20071105	20140113	260만	2만X130회 수의(대마,중국산) 관(오동나무,중국산) 버스,리무진 택일 관내제공 등	396만	3만3천X120회 수의(대마,중국산) 관(오동나무,중국산) 버스,리무진 왕복 300km이내 등	520만	4만X130회 수의(대마,중국산) 관(오동나무,중국산) 버스,리무진 전국무료 등	285,589,404	100,441,825	386,031,229	691,214,039	0	691,214,039	-305,182,810	300,000,000	55	100	179	100	705,084,000	22	우리은행	예치계약	158,609,500		
[등록취소]행복플러스㈜ [구, 한국상조써비스㈜]	최 *  * 	부산-2010-8호	20101027	1801110536748	605-81-74868	부산시 동구 조방로49번길 29, 603호(범일동, 호림빌딩)	부산시 동구 조방로49번길 29, 603호(범일동, 호림빌딩)	051-754-4441	han****@gmail.com	등록취소	20051115		일반형	360만원 고인용품, 의전용품, 행사인원 및 서비스 품목	고급형	480만원 고인용품, 의전용품, 행사인원 및 서비스 품목			656,144,311	401,094,412	1,057,238,723	2,072,906,497	0	2,072,906,497	-1,015,667,774	300,000,000	51	100	196	100	2,089,170,000	50	상조보증공제조합	공제계약	1,044,585,000	상조보증공제조합	1600-1226
[폐업]㈜더웰라이프[구, (주)서울상조]	이 *  * 	서울2010-제6호	20100929	1101112476441	104-81-71198	서울특별시 구로구 경인로3길 77	상 동	02-1600-1169	the********@nate.com	폐업	20050502	20181203	장의 264만	264만(2만*132회) 수의(저마, 중국산), 관(오동나무,중국산), 리무진 or 장의차버스(왕복 200km이내 무료제공) 등	장의 396만	396만(3만*132회) 수의(대마, 중국산), 관(오동나무, 중국산), 리무진(왕복 200km 이내 무료제공) 등	장의 480만	480만(4만*120회) 수의(대마, 중국산), 관(오동나무, 중국산), 리무진(왕복 300km이내 무료제공) 등	2,293,542,636	684,736,297	2,978,278,929	4,332,562,868	0	4,332,562,868	-1,354,283,939	300,000,000	50	100	145	100	1,907,736,000	48	신한은행	예치계약	924,215,063	신한은행(검단지점)	032-564-6943
[등록취소]한강라이프(주)	한 *  * 	대전-선불식할부거래업-16	20120604	1601110182610	305-81-72728	대전광역시 대덕구 선비마을로5번길 8	상동	1688-9088	hkl*******@hklife.kr	등록취소	20041214		30,000원(132회)G형 396만원	396만원(3만원X132회) 수의(대마,중국산), 관(오동나무,중국산), 운구차, 리무진(화장시 화장장까지) 등	20,000원(132회)G형 264만원	264만원(2만원X132회) 수의(저마,중국산), 관(오동나무,중국산), 운구차, 리무진(택일 왕복 200km이내) 등	50,000원(120회)G형 600만원	600만원(5만원X120회) 수의(대마,중국산), 관(오동나무,중국산), 운구차, 리무진(화장시 화장장까지), 꽃상여, 꽃관보 등	5,622,251,359	73,836,405,780	79,458,657,139	5,901,203,324	153,198,953,472	159,100,156,796	-79,641,499,657	1,500,000,000	47	100	200	100	138,052,561,100	50	한국상조공제조합	공제계약	69,026,280,550	한국상조공제조합	1688-0972
아가페라이프(주)[구.아가페상조(주)]	이 *  * 	부산-2010-06호	20101026	1801110203975	606-81-61124	부산광역시 남구 유엔평화로14번길 4	부산광역시 남구 유엔평화로14번길 4	1644-0400	aga*******@naver.com	정상영업	19960426		240만원	240만원(10,000원×240회 / 20,000원×120회), 수의(면15%+폴리85%, 중국산, 기계식, 중국제조), 관(오동나무, 2cm, 중국산), 리무진, 버스 중 택1 100km제공, 장례지도사 2명 봉사도우미 2명(1인당 10시간)	360만원	360만원(15,000원×240회 / 30,000원x120회), 수의(대마100%, 중국산, 기계식, 중국제조), 관(오동나무, 4cm, 중국산), 리무진, 버스 각 300km제공, 장례지도사 2명 봉사도우미 4명(1인당 10시간)	480만원	480만원(20,000원×240회 / 40,000원x120회), 수의(대마100%, 중국산, 수작업, 중국제조), 관(오동나무, 4cm, 중국산), 리무진, 버스 무료제공, 장례지도사 2명, 봉사도우미 5명(1인당 10시간)	899,506,220	4,563,934,442	5,463,440,662	20,686,923	15,164,186,662	15,184,873,585	-9,721,432,923	2,000,000,000	35	100	278	100	11,195,039,000	50	한국상조공제조합	공제계약	5,597,519,500		
(주)유토피아퓨처[구, ㈜유토피아상조]	백 *  * 	서울-2016-제154호	20161019	1101113158311	206-81-96587	서울특별시 광진구 광나루로56길 85	서울특별시 광진구 광나루로56길 85	1644-8277,02-482-8277	uto******@gmail.com	정상영업	20050125		명품플러스210	210만원(20,000*105회, 30,000*70회) 수의(대마, 중국산), 관(오동나무, 중국산), 리무진(왕복 200km제공) 등	명품플러스420	420만원(30,000*140회, 60,000*70회) 수의(대마, 중국산), 관(오동나무, 중국산),  리무진 및 장의버스(왕복 300km제공) 등	유토피아480	480만원(30,000*160회, 40,000*120회) 수의(대마, 중국산), 관(오동나무, 중국산), 리무진 및 장의버스(왕복 200km제공), 유토피아추모공원 안치단 제공(1단 또는 8단) 등	209,598,857	7,569,709,991	7,779,308,848	112,723,535	18,027,706,450	18,140,429,985	-10,361,121,137	3,000,000,000	42	100	233	100	17,726,503,450	50	한국상조공제조합	공제계약	8,863,251,725	한국상조공제조합	1688-0972
[직권말소](주)히든코리아[구,(주)조은만남]	민 *  * 	서울-2010- 제60호	20101214	1101113349332	110-81-72794	서울특별시 양천구 공항대로 538	서울특별시 양천구 공항대로 538	1566-0472	goo********@naver.com	폐업	20051201	20190308	3만6천원*100회	360만원  (월 36,000 * 100회) 수의(대마-중국산) 관(오동나무-국산) 리무진(km제한없음)	2만원*100회	200만원(월2만원*100회) 상동	4만2천원*152회	638만4천원(월4만2천원*152회)상동	67,300,154	164,001,000	231,301,154	177,779,455	0	177,779,455	53,521,699	350,000,000	142	100	77	100	119,784,800	50	우리은행	예치계약	59,892,400	우리은행(신월동 지점)	02-2604-3301
[등록취소]퍼스트라이프(주)[구.라이프플러스(주)]	강 *  * 	서울-2010-제1호	20100929	1101112555435	220-86-41370	서울특별시 은평구 연서로 297-1	서울특별시 은평구 연서로 297-1	1544-4413	cys**@hanmail.net	등록취소	20020626		퍼스트258	258만원( 30,000원 * 86회) 수의(가진수의:저마혼용), 관(화장용 고급관), 목함, 복지사 2명, 리무진(왕복100km)	퍼스트390	390만원( 30,000원 * 130회) 수의(고급가진수의:저마혼용), 관(오동나무), 유골함, 복지사 4명, 리무진(왕복200km)	퍼스트480	480만원 (40,000원 * 120회 ) 수의(명품가진수의:기계대마), 관(오동나무), 고급 유골함, 복지사 5명, 리무진(왕복500km)	227,372,651	749,545,801	976,918,452	424,617,987	3,656,037,060	4,080,655,047	-3,103,736,595	2,000,000,000	14	100	418	100	3,547,661,660	20	우리은행	예치계약	717,705,760		
[폐업]대한건설상조(주)	백 *  * 	경기-2010-04호	20101015	2847110006629	127-81-98676	경기 성남시 중원구 사기막골로 124 1405호(상대원동 SKn테크노파크 메가동)	경기 성남시 중원구 사기막골로 124 1405호(상대원동 SKn테크노파크 메가동)	031-728-2601		폐업		20130116	장의상품	360만(3만원*120회), 420만원 수의(고급형대마,국내산) 관(고급,오동나무),리무진(왕복200km 무료)	웨딩토탈상품	240만, 360만(3만원*120회) 예복(웨딩드레스,턱시도 일반대여) 미용(신랑,신부 제공),부케(생화고급) 등	건설사업관리	480만, 600원(5만원*120회) 건설분쟁 컨설팅(계약분쟁 등), 공사민원 대행업무(진동 등) 현장묘지 이장공사	247,772,384	292,685,219	540,457,603	6,983,730	180,640,000	187,623,730	352,833,873	420,000,000		100	35	100	13,940,000	31	우리은행	예치계약	4,259,500		
[등록취소]천마상조(주)	조 *  * 	경남 2011-제12호	20110112	1911110032777	613-81-36768	경남 창원시 마산 합포구 삼호로 35(산호동)	경남 창원시 마산 합포구 삼호로 35(산호동)	1588-1446	cms*@juchunma.co.kr	등록취소	20050312		천마240만원	240만원(2만원*120회) 수의(삼베+인견,중국산) 관(오동나무,중국산) 버스(왕복200km)	천마360만원	360만원(3만원*120회) 수의(삼베+명주,중국산) 관(오동나무,중국산) 버스(왕복200km) 리무진(왕복200km)	천마480만원	480만원(4만원*120회) 수의(삼베,인견,중국산) 관(적송,중국산) 버스(왕복200km) 리무진(왕복200km)	564,079,004	840,496,784	1,404,575,788	1,224,453,558	1,027,225,000	2,251,678,558	-847,102,770	300,000,000	72	100	160	100	3,191,978,000	40	상조보증공제조합	공제계약(해지)	1,276,791,200	상조보증공제조합	1600-1226
